Title	WebSite	Address	Phone
Australia GSM World	http://www.australiagsmworld.com.au/	JB HIFI, Craigieburn Central, Shop E00-34 (Near TARGET and, 340 Craigieburn Rd, Craigieburn VIC 3064, Australia	+61 3 9308 4750
Mobile Plus@Southport	http://www.goldcoastphonerepairs.com.au/	Australia Fair Shopping Centre, Shop G/116, 42 Marine Parade, Southport QLD 4215, Australia	+61 7 5527 0873
Fix My Mobile - Brisbane CBD	https://www.fixmymobile.com.au/	1B/144 Adelaide St, Brisbane City QLD 4000, Australia	+61 1300 349 349
mySCREEN Southport	http://www.myscreen.com.au/	Kiosk 101 (Level 1) - Australia Fair Shopping Centre, 42 Marine Parade, Southport QLD 4215, Australia	+61 1300 992 991
Aussie Mobile Phone Repairs Capalaba Central	http://aussiemobilephonerepairs.com.au/	Capalaba Central Shopping Centre Kiosk, 21 Moreton Bay Rd, Capalaba QLD 4157, Australia	+61 7 3245 4662
Fone Fix Sydney	https://fonefix.com.au/	107/250 Pitt St, Sydney NSW 2000, Australia	+61 2 9261 2340
Fone Fix Bondi Junction	https://fonefix.com.au/location/bondijunction/	14/80 Spring St, Bondi Junction NSW 2022, Australia	+61 2 9386 1951
Cheap Mobile Repair	https://www.cheapmobilerepair.com.au/	Shop 2/55 Burwood Rd, Burwood NSW 2134, Australia	+61 2 9747 8880
Aussie Mobile Phone Repairs Mount Gravatt	http://aussiemobilephonerepairs.com.au/	1484 Logan Rd, Mount Gravatt QLD 4122, Australia	+61 7 3849 7035
ZCASE Australia	http://zcase.com.au/	kiosk a/50 Dorset Square, Boronia VIC 3155, Australia	+61 3 9762 6097
Mobile Magicians Australia	http://www.mobilemagiciansaustralia.com/	Shop/178 Main St, Lithgow NSW 2790, Australia	+61 498 226 544
Cheap Mobile Repair	https://www.cheapmobilerepair.com.au/	Station Arcade, Shop 5/52 - 54 Hindley St, Adelaide SA 5000, Australia	+61 8 7080 6100
Life Mobile AUS	http://www.lifemobile.com.au/	Leederville, 120 Oxford St, Perth WA 6007, Australia	+61 8 6114 7121
PHONE SCREENS iPhone, Samsung, iPad, Oppo, & Huawei Phone Repairs	http://www.phonescreens.com.au/	2482 Gold Coast Hwy, Mermaid Beach QLD 4218, Australia	+61 7 5575 2490
Sydney CBD Repair Centre	https://www.sydneycbd.repair/	Suite 201, Level 2/661 George St, Haymarket NSW 2000, Australia	+61 2 8011 4119
Fix A Phone	https://www.fixaphone.com.au/	246 Carlisle St, Balaclava VIC 3183, Australia	+61 3 8373 4748
REPAIR MATE | Melbourne CBD	http://www.repairmate.com.au/	307/365 Little Collins St, Melbourne VIC 3000, Australia	+61 3 9067 7551
Cheap Mobile Repair	https://www.cheapmobilerepair.com.au/	shop 1a/2 Enmore Rd, Newtown NSW 2042, Australia	+61 2 8970 0947
Happytel Auburn Repair Centre - Huawei Service Centre	http://www.happytel.com/	154-156 Adderley St W, Auburn NSW 2144, Australia	+61 2 8737 1100
Westcoast Phone Repairs Perth	https://westcoastrepairs.com.au/	325 Albany Hwy, Victoria Park WA 6100, Australia	+61 405 672 390
Vfix Mobile Australia	https://vfix-mobile-australia.business.site/	Galway Ave, North Plympton SA 5037, Australia	+61 460 504 188
FoneEZY	https://www.foneezy.com.au/?utm_source=google&utm_medium=organic&utm_campaign=GMB	B1/267 Murray St, Perth WA 6000, Australia	+61 1300 366 333
ZCASE Australia	http://zcase.com.au/	Tok H Centre, Shop 27 459 Toorak Road, Toorak VIC 3142, Australia	+61 3 9826 6113
Phone Repair Centre	http://www.phonerepaircentre.com.au/	122 Queen St, St Marys NSW 2760, Australia	+61 2 8678 3298
Joy Phone Australia	http://www.joyphoneau.com/	Shop k10/727 Tapleys Hill Rd, West Beach SA 5025, Australia	+61 430 598 119
Happytel	http://happytel.com/	Shop GD0K1, 300 Lonsdale St, Melbourne VIC 3000, Australia	+61 3 9654 1450
INFINITE Phone Repairs	http://www.infinitephonerepairs.com.au/	Shop 1/289 Flinders Ln, Melbourne VIC 3000, Australia	+61 450 088 588
Mobile Phone Care & Welcome Tech	http://www.mobilephonecare.com.au/	Suite 1/376 Victoria Ave, Chatswood NSW 2067, Australia	+61 2 8385 0391
Mobile Expert- iPhone, Samsung & iPad Repairs, Data Recovery	https://www.mobileexpert.com.au/	3 Fatima Pl, Calamvale QLD 4116, Australia	+61 405 492 202
Cityphones - Phone Repair & Accessories	http://www.cityphones.com.au/	148 Elizabeth St, Melbourne VIC 3000, Australia	+61 426 504 955
Happytel	http://au.happytel.com/	K207, Stacey St, Bankstown NSW 2200, Australia	+61 2 9708 1841
i-Station Mobile Device Repair Center Morley	http://i-station.com.au/	Shop 7/131 Crimea St, Morley WA 6062, Australia	+61 8 6114 3680
Joy Phone Australia	http://www.joyphoneau.com/	Shop 53 ,Mt Barker central shopping centre, 13 McLaren St, Mount Barker SA 5251, Australia	+61 430 598 119
Platinum Phone Services - iPhone Repairs Gold Coast	http://www.platinumphoneservices.com.au/	Shop 1A/126 Scarborough St, Southport QLD 4215, Australia	+61 411 118 453
Casphone Phone, Computer & IT Repairs	https://www.casphone.com.au/	148 Ipswich Rd, Woolloongabba QLD 4102, Australia	+61 7 3733 0960
Australia GSM World DALLAS	http://www.australiagsmworld.com.au/	22 Dargie Ct, Broadmeadows VIC 3047, Australia	+61 3 9309 7933
PhoneBeats - Phone Repairs	http://www.phonebeats.com.au/	231 Elizabeth St, Melbourne VIC 3000, Australia	+61 450 305 480
Jun's Repairs Phone n Laptop in Adelaide	http://twotwotwo.com.au/	222 Tapleys Hill Rd, Seaton SA 5023, Australia	+61 490 785 679
Phone Ninja	http://phone-repairs-perth.com.au/	u1/235 Main St, Osborne Park WA 6017, Australia	+61 8 9345 2118
Fone King Repair Centre HQ	http://foneking.com.au/location/headquarters/	707/2 Huntley St, Alexandria NSW 2015, Australia	+61 2 9698 8066
OnTheGo Phone & Computer Repairs Melbourne CBD Open As Usual	https://www.onthegorepairs.com.au/	190 Russell St, Melbourne VIC 3000, Australia	+61 3 9639 1111
Phone Ninja	http://phone-repairs-perth.com.au/	3/297 Great Eastern Hwy, Belmont WA 6104, Australia	+61 8 6248 6665
Mobile Experts Indooroopilly	http://www.mobile-experts.com.au/	322 Moggill Rd, Indooroopilly QLD 4068, Australia	+61 7 3878 9199
PT Mobiles Australia	http://www.ptmobiles.com.au/	Shop B15, Carnes Hill Market Place, 245 Cowpasture Rd, Horningsea Park NSW 2171, Australia	+61 2 9607 8522
REPAIR MATE | Carnegie Central	http://www.repairmate.com.au/	Kiosk 3 20/2 Koornang Rd, Carnegie VIC 3163, Australia	+61 3 9020 4573
Australia GSM World	http://www.australiagsmworld.com.au/	124/1239 Nepean Hwy, Cheltenham VIC 3192, Australia	+61 3 9585 8885
iWorkshop London Court.iPhone Repair Perth ,Phone repairs Perth ,Mac-book Repairs Perth ,Laptop Repairs Perth.	http://www.iworkshop.com.au/	LONDON COURT, Shop 12/647 Hay St, Perth WA 6000, Australia	+61 8 6161 7203
SP Mobile Sydney	http://spmobile.com.au/	Shop A/600 George St, Sydney NSW 2000, Australia	+61 466 910 238
Mobile Experts Parramatta	http://www.mobile-experts.com.au/	Shop 1147/159-175 Church St, Parramatta NSW 2150, Australia	+61 2 9633 3425
Fix A Phone	https://www.fixaphone.com.au/	220 Glen Huntly Rd, Elsternwick VIC 3185, Australia	+61 3 9523 0666
Fone King Brisbane	http://foneking.com.au/location/brisbane/	Shop 112/Myer Centre 91 Queen St, Brisbane City QLD 4000, Australia	+61 7 3210 6666
Vones	https://www.vones.com.au/	Level 5 Shop 5006A/100 Market St, Sydney NSW 2000, Australia	+61 2 9387 1688
Star Tech Phone Repairs	http://www.startechphonerepairs.com.au/	9 Treemartin Pl, East Cannington WA 6107, Australia	+61 420 994 662
MKC iPhone & iPad Repairs Melbourne	http://www.mkcrepairs.com.au/open-7-days/	447 Elizabeth St, Melbourne VIC 3000, Australia	+61 3 8399 1370
iPhone repairs Melbourne CBD	http://iphonerepairsmelbournecbd.com.au/	206/125 Swanston St, Melbourne VIC 3000, Australia	+61 451 086 866
Sydney Mobile Phone Repairs	http://www.sydneymobilephonerepairs.com.au/	480 King Georges Rd, Beverly Hills NSW 2209, Australia	+61 2 9099 4444
JS Tech Australia	http://www.jstech.com.au/	Address:, 9/17 Keppel Dr, Hallam VIC 3803, Australia	+61 3 9939 7625
YorIT Solutions l Phones Tablets & Laptops Repair Support l Industry-leading Appointment Based Premium Technology Repair Support & Services Expert Across Brisbane.	https://www.yorit.com.au/	Behind FotoFast Taringa, Suite 14/200 Moggill Rd, Taringa QLD 4068, Australia	+61 420 268 712
Repair Mate Sydney | Rockdale	http://www.repairmate.com.au/	Shop 1/495 Princes Hwy, Rockdale NSW 2216, Australia	+61 2 8880 9292
Fone King QVB	http://foneking.com.au/location/qvb/	QVB, Shop 44, Lower Ground Level, 455 George Street, George St, Sydney NSW 2000, Australia	+61 2 9283 6988
iSmashed - Darwin iPhone Repairs	http://www.ismashed.com.au/	27/69 Mitchell St, Darwin City NT 0800, Australia	+61 428 227 421
Mobile Experts Rouse Hill	http://www.mobile-experts.com.au/	K6,Windsor Rd &, White Hart Dr, Rouse Hill NSW 2155, Australia	+61 2 8883 4339
Phone Buzz	http://www.phonebuzz.com.au/	Benowa Gardens Shopping Centre, Benowa Rd, Benowa QLD 4217, Australia	+61 433 348 712
Fone King Sydney	http://foneking.com.au/location/centre-point/	Kiosk 102a/184 Pitt St, Sydney NSW 2000, Australia	+61 2 9233 3688
Phone Repair Doctor	http://www.phonerepairdoctor.com/	641 Ipswich Rd, Annerley QLD 4103, Australia	+61 439 323 931
Aussie Mobile Phone Repairs	http://www.aussiemobilephonerepairs.com.au/	Town Square Redbank Plains Shopping Centre, 60B/357-403 Redbank Plains Rd, Redbank Plains QLD 4301, Australia	+61 7 3814 2864
Samsung Galaxy Repairs	https://www.samsunggalaxyrepairs.com.au/	Brisbane City QLD 4000, Australia	+61 466 002 258
Happytel	http://au.happytel.com/	K31/111 W Lakes Blvd, West Lakes SA 5021, Australia	+61 8 8353 6756
Happytel Canberra Centre	http://au.happytel.com/	Kiosk FFK27 Canberra Centre (near JB Hifi on, Level 1/148 Bunda St, Canberra ACT 2601, Australia	+61 2 6257 9978
Daddys Phones Repairs Adelaide	http://daddysphones.com.au/	132 Muller Rd, Greenacres SA 5086, Australia	+61 449 852 130
iExperts	http://www.iexperts.com.au/	Suite 9A, Level 9/428 George Street The Dymocks Building, Sydney NSW 2000, Australia	+61 1300 500 511
IDOC Iphone & Ipad Screen Repairs South Yarra	https://www.idocrepair.com.au/	1/48 Macfarlan St, South Yarra VIC 3141, Australia	+61 3 9867 4292
Casphone Phone, Computer & IT Repairs	http://www.casphone.com.au/	13 Hervey Range Rd, Thuringowa Central QLD 4817, Australia	+61 7 3733 0960
iFix Repair Brunswick Store	http://www.ifixrepair.com.au/	48 Sydney Rd, Brunswick VIC 3056, Australia	+61 3 8383 1699
Brisbane Mobile Phone Repairs	http://www.brisbanemobilephonerepairs.com.au/	276 Sandgate Rd, Albion QLD 4010, Australia	+61 7 3262 9255
Device Trader Phones & Computers	http://www.devicetrader.com.au/	1/130 Jonson St, Byron Bay NSW 2481, Australia	+61 2 6685 5585
Happy Mobile	http://www.happymobile.com.au/	247 Lonsdale St, Melbourne VIC 3000, Australia	+61 3 9663 4180
Fone Galaxy Central	http://www.fonegalaxy.com.au/	Shop 5, 816 George Street Railway square Interchange Pedestrian Tunnel, NSW 2000, Australia	+61 2 9280 1212
IDOC Iphone Ipad Screen Repairs Melbourne	https://www.idocrepair.com.au/iphonerepairmelbourne/	150 Swanston St, Melbourne VIC 3000, Australia	+61 3 9077 0411
PTC Phone Repair Tweedcity	http://www.ptc.net.au/	54 Minjungbal Dr, Tweed Heads South NSW 2486, Australia	+61 7 5513 0360
Cheapest mobile repair Truganina	http://www.cheapestmobilerepair.com.au/	20 Holiday Ct, Truganina VIC 3029, Australia	+61 468 345 670
EasyPhix Pty Ltd	http://www.easyphix.com.au/	Level 1/686 Botany Rd, Mascot NSW 2020, Australia	+61 1300 366 136
Fix My Mobile - Chermside	https://www.fixmymobile.com.au/	Kiosk 6 Gympie Rd, Chermside QLD 4032, Australia	+61 1300 349 349
Aussie Mobile Solution-Telechoice Authorised Dealer-Mobile Phone Sale, Repair,Contract, Accessories	http://aussiemobilesolution.com.au/	Kiosk 015 Brimbank shopping center, Conner Neale road and, Station Rd, Deer Park VIC 3023, Australia	+61 430 207 386
PTC Phone Repair Robina	http://www.ptc.net.au/	Shop T2033B 1 Robina Town Centre Dr, Robina QLD 4230, Robina QLD 4230, Australia	+61 7 5580 9375
PTC Phone Repair Grand Central	https://www.ptc.net.au/	Grand Central Shopping Centre, Shop K9, Toowoomba City QLD 4350, Australia	+61 7 3733 1599
Asan Mobiles Phones Repair Shop Rockdale	https://asan-mobiles.business.site/?utm_source=gmb&utm_medium=referral	Level 1/514 Princes Hwy, Rockdale NSW 2216, Australia	+61 405 556 573
PTC Phone Repair Pacific Fair Shop	http://www.ptc.net.au/	Pacific Fair Shopping Centre, 2/32 Hooker Blvd, Broadbeach QLD 4218, Australia	+61 7 5538 6666
Mobile Computer Services Australia	http://www.mobilecomputers.com.au/	8/43-51 College St, Gladesville NSW 2111, Australia	+61 2 9817 0544
PTC Phone Repair Sunnybank Plaza	http://www.ptc.net.au/	Cnr Mains Rd & Mcculldough St, Shop 12, Sunnybank QLD 4109, Australia	+61 7 3216 9680
Screen Fixed	https://www.screenfixed.com.au/	Centreway Arcade, Shop 11/259/263 Collins St, Melbourne VIC 3000, Australia	+61 3 9108 1598
MK iPhone iPad & Samsung Repairs Wheelers Hill	http://www.mkrepairs.com.au/	Kiosk 5, Brandon Park Shopping Centre Corner of Ferntree Gully and, Springvale Rd, Wheelers Hill VIC 3150, Australia	+61 478 652 652
SkyTree Phones For Cash	http://skytree.com.au/	Shop 6/3163 Surfers Paradise Blvd, Surfers Paradise QLD 4217, Australia	+61 450 040 404
GR Phones Sefton Plaza IPhone iPad Tablet Samsung Repair	http://www.grphones.com.au/	Shop 22, Sefton Plaza Shopping Ctr, 239 Main N Rd, Sefton Park SA 5083, Australia	+61 8 8342 0008
My Phone Repair Shop	https://myphonerepairshop.business.site/	30 Sydney Rd, Mudgee NSW 2850, Australia	+61 2 6372 1030
MobiTech Mobile Phone Repair	https://www.facebook.com/MobixTech/	Shop 10/680 Glenferrie Rd, Hawthorn VIC 3122, Australia	+61 466 980 792
JMC Computers - iPhone, iPad & Apple Mac Repairs Melbourne	https://www.jmccomputers.com.au/	INSIDE COBURG MARKET, 24 Louisa St, Coburg VIC 3058, Australia	+61 431 408 141
Mobile Pro Fix	http://www.mobileprofix.com.au/	shop 3/464 S Pine Rd, Everton Park QLD 4053, Australia	+61 7 3505 7025
IQuickFix Phone and Laptop Repair	http://iquickfix.com.au/	45 Good St, Granville NSW 2142, Australia	+61 2 8897 2722
Mobile Experts Town Hall	http://www.mobile-experts.com.au/	Lumière, Town Hall square, Shop 10, 464, Kent St, Sydney NSW 2000, Australia	+61 2 9283 6708
qcare	http://www.qcare.net.au/	1/20 Smith St, Parramatta NSW 2150, Australia	+61 2 9891 4608
SuperFixer Mobile iPhone Repair, Macbook Repair, Water damage and screen Repair, Data Recovery	http://www.superfixer.com.au/	1 Oakleaf St, Eight Mile Plains QLD 4113, Australia	+61 498 745 716
My Mobile	http://www.mymobile.com.au/	69 Adelaide St, Brisbane City QLD 4000, Australia	+61 7 3012 7977
iPhix Mobile Phone Repair	https://www.iphixphonerepair.com.au/	level 1/181-185 Rowe St, Eastwood NSW 2122, Australia	+61 406 886 999
Mobile Phone Hospital - Genius Phone Repair	http://www.geniusphonerepair.com.au/	Kiosk 1K29, Ground Floor, Westfield Warringah Mall, Brookvale NSW 2100, Australia	+61 2 9938 2925
iFone Haven - iPhone Repair Frankston Cheap Phone Screen Replacement Samsung Mobile repairs	http://www.ifonehaven.com.au/	188 Humphries Rd, Mount Eliza VIC 3930, Australia	+61 435 715 624
Happytel QVB - Huawei service centre	http://www.happytel.com/	Shop 82/455 George St, Sydney NSW 2000, Australia	+61 2 9261 5210
Mobile Phone Hospital - Genius Phone Repair	http://www.geniusphonerepair.com.au/	Kiosk 1K29, Ground Floor, Westfield Warringah Mall, Brookvale NSW 2100, Australia	+61 2 9938 2925
Phone Fix Genius	https://www.mobilerepairfactory.com.au/	87 Gibson Ave, Padstow NSW 2211, Australia	+61 2 8739 2050
BuzzTech - Geelong	http://www.buzztech.com.au/	404 Latrobe Terrace, Newtown VIC 3220, Australia	+61 3 5292 1921
iFone Haven - iPhone Repair Frankston Cheap Phone Screen Replacement Samsung Mobile repairs	http://www.ifonehaven.com.au/	188 Humphries Rd, Mount Eliza VIC 3930, Australia	+61 435 715 624
Phone Glass Repair	http://phoneglassrepair.com.au/	344-C, Magill Rd, Kensington Park SA 5068, Australia	+61 1300 415 231
fix2U	https://www.fix2u.com/	211 Beveridge St, Swan Hill VIC 3585, Australia	+61 1300 163 090
FixBox Phone Repairs Busselton	http://www.fixbox.com.au/	7/90 Queen St, Busselton WA 6280, Australia	+61 8 9794 2242
HY Mobile Repairs Morley	https://hy-mobile-repair.business.site/	shop 20/238 Walter Rd W, Morley WA 6062, Australia	+61 433 676 587
Casphone Phone and Computer Repairs	http://www.casphone.com.au/	cairns central, 1 - 21 McLeod St, Cairns City QLD 4870, Australia	+61 7 3733 0960
Mobile Phone Repair shop	http://www.mobilephonehospital.com.au/	Westfield Chatswood K312, 1 Anderson St, Chatswood NSW 2067, Australia	+61 2 9412 2421
Pak Phone Repairs and Accesories	http://www.pakshop.com.au/	320 McCrae St & Walker Street, Dandenong VIC 3175, Australia	+61 3 8752 0815
MyTouch Phone Repairs Brimbank	http://www.facebook.com/mytouchbrimbank/	Kiosk 11, Station Rd &, Neale Rd, Deer Park VIC 3023, Australia	+61 3 8315 1100
iWorkshop Garden City	https://iworkshopgc.business.site/	Shop 199a/125 Riseley St, Booragoon WA 6154, Australia	+61 8 9364 8344
My Phone Rescue	http://www.myphonerescue.com.au/	26 Sussex St, Sydney NSW 2000, Australia	+61 478 930 333
LG Mobile Phone Service Centre	http://www.evertec.com.au/	55 Parramatta Rd, Lidcombe NSW 2141, Australia	+61 2 9648 6374
Fixpod	https://www.fixpod.com.au/	257 Broadway, Glebe NSW 2037, Australia	+61 1300 349 763
Xtreme Mobile Repairs	https://xtreme-mobile-repairs.business.site/	Kiosk1 Markettown, 1024 The Horsley Dr, Wetherill Park NSW 2164, Australia	+61 404 752 177
LG Mobile Phone Service Centre	http://www.evertec.com.au/	55 Parramatta Rd, Lidcombe NSW 2141, Australia	+61 2 9648 6374
Quickfix Phone Repairs - DFO Essendon	https://quickfix-phone-repairs-dfo-essendon.business.site/	100 Bulla Rd, Essendon Fields VIC 3041, Australia	+61 422 832 319
Reliable Mobile Phone Repairs	http://www.reliablecomputerssutherland.com.au/	2A Boyle St, Sutherland NSW 2232, Australia	+61 1800 663 923
Camberwell Lotto & Mobile	http://www.lottomobile.com.au/	741 Burke Rd, Camberwell VIC 3124, Australia	+61 3 9882 9297
fix2U	https://www.fix2u.com/	211 Beveridge St, Swan Hill VIC 3585, Australia	+61 1300 163 090
HTG Canberra - Mobile Phone and iPad Repair	http://www.htgcanberra.com.au/	121A Anthony Rolfe Ave, Gungahlin ACT 2912, Australia	+61 451 977 509
Sknet Computers & Phone Repairs	https://sknet-computers-phone-repairs.business.site/?m=true	Shop 34/12 Davis Rd, Kelmscott WA 6111, Australia	+61 8 9390 3556
Mytouch Tarneit Central Phone And Laptop Repairs	http://mytouchmobile.com.au/	Kiosk 4/540 Derrimut Rd, Tarneit VIC 3029, Australia	+61 3 8372 2055
Alfalah Mobiles	https://www.alfalahmobiles.com.au/?utm_source=GMBlisting&utm_medium=organic	283 The Boulevarde, Punchbowl NSW 2196, Australia	+61 2 9758 9712
BuzzTech mobile phone repairs - Warrnambool	https://buzztech.com.au/warrnambool/	179 Koroit St, Warrnambool VIC 3280, Australia	+61 3 5561 5504
Fone Express	http://www.foneexpress.com.au/	Shop K304/152 Bunnerong Rd, Eastgardens NSW 2036, Australia	+61 2 8347 2477
BuzzTech Mobile Phone Repairs - Colac	https://buzztech.com.au/colac/	201 Murray St, Colac VIC 3250, Australia	+61 475 671 426
Fast Computer Repairs	http://www.fastcomputerrepairs.com.au/	Shop 22/Arundel Plaza, 230 Napper Rd, Parkwood QLD 4214, Australia	+61 431 957 715
Pak Phone and PC Repairs Box Hill Centro	http://www.pakshop.com.au/	Box Hill Central, f29/17-21 Market St, Box Hill VIC 3128, Australia	+61 3 8394 4291
iPhone/iPad & Samsung Repairs	http://www.mkcrepairs.com.au/open-7-days/	Store 2/447 Elizabeth St, Melbourne VIC 3000, Australia	+61 1300 652 652
i-Repair Smartphones	http://www.i-repair.com.au/	316 Manningham Rd, Doncaster VIC 3108, Australia	+61 477 850 589
Phone Adore - Huawei collection point	http://au.happytel.com/	K3A Westfield Chermside (near The Body Shop and Typo), Gympie &, Hamilton Rd, Chermside QLD 4032, Australia	+61 7 3350 3203
Top Case Phone Repair Coomera	http://www.ptc.net.au/	k004 westfield coomera shopping centre, 103 Foxwell Rd, Coomera QLD 4209, Australia	+61 7 5500 0083
Fone Doc - iPhone Repairs & iPad Repairs - Cronulla Mall	http://www.fonedoc.com.au/	60 Cronulla St, Cronulla NSW 2230, Australia	+61 2 9544 4811
Phonebot	http://www.phonebot.com.au/	289 Broadway, Reservoir VIC 3073, Australia	+61 3 9462 6936
iMend Phones	https://www.imendphones.com.au/	27 Cornmeal Parade, Maroochydore QLD 4558, Australia	+61 1300 046 363
Haiou Mobile Express	http://haioumobileexpress.business.site/	K125A Westfield Carousel Shopping Centre, 1382 Albany Hwy, Cannington WA 6107, Australia	+61 426 880 386
Repair Logic - Kalgoorlie	https://www.repairlogic.com.au/	The Basement West, 202 Hannan St, Kalgoorlie WA 6430, Australia	+61 8 9091 4778
Australia GSM World	http://www.australiagsmworld.com.au/	KD36A/1341 Dandenong Rd, Malvern East VIC 3148, Australia	+61 3 9568 8867
Speedy Phone Repairs - Phones, Tablets & Laptops Repairs	http://speedyphonerepairs.com.au/	Shop1b/1 Railway Parade, Kogarah NSW 2217, Australia	+61 490 147 702
Australia GSM World	http://www.australiagsmworld.com.au/	Commonwealth Bank, 120-200 Rosamond Road Shop-3117 (Near, Maribyrnong VIC 3032, Australia	+61 3 9318 8831
TOP I.T. Tech Computer and Phone Repair and Sales	http://www.topittech.com.au/	71 Beecroft Rd, Epping NSW 2121, Australia	+61 2 9869 8611
PHONE REPAIRS MYTOUCH WATERGARDENS	https://www.facebook.com/Mytouchwg	Kiosk 10/399,Adjacent to McDonald's WaterGardens Town Center, Taylors Lakes VIC 3038, Australia	+61 468 768 003
Lukey PC Repairs	http://lukeypcrepairs.com.au/	31 Woondooma St, Bundaberg Central QLD 4670, Australia	+61 7 4151 7007
Glenelg Mobiles	http://www.glenelgmobiles.com.au/	85b Jetty Rd, Glenelg SA 5045, Australia	+61 8 8295 2525
Mobile House Beenleigh	http://www.facebook.com/pg/MobileHouseAustralia/shop	Shop 3/86 City Rd, Beenleigh QLD 4207, Australia	+61 423 618 931
CELLMATE MADDINGTON	http://www.cellmate.com.au/	KI002, Maddington Central, Cnr Burslem & Attfied st, Maddington WA 6109, Australia	+61 8 9452 7733
CasePro Parabanks	https://caseproshop.com/	Attack Hair and Shiels Jewellery, Kiosk 02/68-84 John Street In Front of Price, Salisbury SA 5108, Australia	+61 430 441 401
Phone Adore Chadstone - Huawei collection point	https://www.happytel.com/	K0053/1341 Dandenong Rd, Malvern East VIC 3148, Australia	+61 3 9563 2941
Technology Traders	https://technologytraders.com.au/	Shop 4, Booval Fair Shopping Centre, Brisbane Rd, Booval QLD 4304, Australia	+61 7 3812 8660
Pro Phone Repair	http://prophonerepair.com.au/	Albany Plaza, Shop L201/38 Albany Hwy, Albany WA 6330, Australia	+61 433 132 886
Leon's Technology Bulimba Shop	http://www.leonstech.com.au/	shop 8/205 Oxford St, Bulimba QLD 4171, Australia	+61 7 3899 3779
Repair Central - Phone and Computer Repairs	http://www.repaircentral.com.au/	2/169 Oxley Station Rd, Oxley QLD 4075, Australia	+61 7 3379 1160
Apple iPhone Repair Canberra	http://www.appleiphonerepaircanberra.com.au/	208 Kerrigan St, Dunlop ACT 2615, Australia	+61 2 6188 5444
E- Trade WA	http://www.etradewa.com.au/	11/51 Prindiville Dr, Wangara WA 6065, Australia	+61 434 641 897
Phone Adore Booragoon 2 - Huawei collection point	http://au.happytel.com/	K05/125 Riseley St, Booragoon WA 6154, Australia	+61 8 9315 3000
Fix My Mobile - Carindale	https://www.fixmymobile.com.au/	Lower Ground, 1151 Creek Rd, Carindale QLD 4152, Australia	+61 1300 349 349
IPHONE SCREEN REPAIR	https://iphonescreenrepairz.com/	01/252 Bay Rd, Sandringham VIC 3191, Australia	+61 478 793 344
SPACE FIX	https://www.facebook.com/pages/category/Retail-Company/Space-Fix-1721533894583135/	KI004/366 Grand Promenade, Dianella WA 6059, Australia	+61 414 102 728
Essentially Mobile	http://www.essentiallymobile.com.au/	104 Collins St, Hobart TAS 7000, Australia	+61 3 6231 6111
Show Us Your Crack Mobile Repairs & Accessories	https://www.showusyourcrack.com.au/	236a Beardy St, Armidale NSW 2350, Australia	+61 421 217 874
Happytel Macarthur Square - Huawei collection point	http://au.happytel.com/	KL04 Macarthur Square Shopping Centre (next to Gloria Jeans on, Level 2/200 Gilchrist Dr, Campbelltown NSW 2560, Australia	+61 2 4627 6179
Xtreme Communications	http://xtremeonline.com.au/	Hunter Connection Arcade, Shop P9a, Ground Level, 109 Pitt St, Sydney NSW 2000, Australia	+61 2 9231 6661
Mobile Essentials	http://www.mobileessentials.com.au/	Shop LG-28 Emporium Shopping Centre, 269-321 Lonsdale St, Melbourne VIC 3000, Australia	+61 3 9650 3539
uBreakiFix Sydney CBD | North Sydney	http://www.ubreakifix.com.au/	Level 1/133 Castlereagh St, Sydney NSW 2000, Australia	+61 1300 367 399
Beltz's Mobile Phone Expert Repairs	https://www.telcoworld.com.au/	451 South Rd, Bentleigh VIC 3204, Australia	+61 3 9555 5502
Smart Mobile Zone	http://www.smzone.com.au/	Shop 56, Royal Randwick Shopping Centre, 73 Belmore Rd, Randwick NSW 2031, Australia	+61 420 618 168
Everest Communications	https://everestcommunications.business.site/?utm_source=gmb&utm_medium=referral	504 Princes Hwy, Rockdale NSW 2216, Australia	+61 2 9567 5777
Pimp my Gadget DFO Brisbane airport	http://pimpmygadget.com.au/	Shop 206 DFO,, 18th Avenue, Brisbane Airport QLD 4007, Australia	+61 7 3114 1177
Glitch	https://glitchtechs.com.au/	1035 Macquarie St, Liverpool NSW 2170, Australia	+61 2 9601 0494
Campus Computers	http://campuscomputers.net/	Shop 3, The Link/University Drive Southport QLD Australia, 4215, Australia	+61 406 328 583
Second Hand Phones	http://www.secondhandphones.com.au/	1099-1169 Pascoe Vale Rd, Broadmeadows VIC 3047, Australia	+61 3 9309 7924
iGear	http://www.facebook.com/igear.alice	5/28 Railway Terrace, Alice Springs NT 0870, Australia	+61 8 8953 3663
PHONE REPAIR TeleChoice Authorized Dealer Watergardens	https://www.telechoice.com.au/	Kiosk 11/399 Melton Hwy, Taylors Lakes VIC 3038, Australia	+61 3 8361 6495
Austrlia GSM World Pty Ltd	http://www.australiagsmworld.com.au/	1099/1169 Pascoe Vale Rd, Broadmeadows VIC 3047, Australia	+61 3 9078 2524
Ifix mobile Australia(Gawler store)	http://gawlergreen.com.au/store-finder/ifix-mobile-australia/	Kiosk 1/4 Tulloch Rd, Evanston SA 5116, Australia	+61 435 282 833
Vodafone Smart Phones Kogarah	http://www.smartphonesshop.com.au/	27 Railway Parade, Kogarah NSW 2217, Australia	+61 2 9588 3052
iPad Pro Repairs	https://www.ipadprorepairs.com.au/	level 10/66 Clarence St, Sydney NSW 2000, Australia	+61 2 8705 5451
Phones & Photos	https://phonesandphotos.com/	139 Koroit St, Warrnambool VIC 3280, Australia	+61 3 5562 5653
Outback IT - Computer and Mobile Phone Repairs Darwin	http://www.outbackit.com.au/	Gray Shopping Village, 11, 18-22 Essington Ave, Gray NT 0830, Australia	+61 8 8932 2111
Screen Fixed	https://www.screenfixed.com.au/?utm_source=Googlemybusiness&utm_medium=GMB&utm_campaign=BNE&utm_content=GMBTraffic	Level 16/200 Mary St, Brisbane City QLD 4000, Australia	+61 1300 193 331
iTech Repair	http://itechrepair.com.au/	t58a/575 North East Road, Gilles Plains SA 5086, Australia	+61 469 961 669
Interactive Apple Repair Centre	https://www.interactive.com.au/services/hardware-maintenance/apple-repair-centre/	11/39 Herbert St, St Leonards NSW 2065, Australia	+61 2 9439 6669
All States Australia Margaret River Mobile Mechanics and Auto Electricians	https://www.allstatesmobile.com/	34 Fearn Ave, Margaret River WA 6285, Australia	+61 499 040 163
Apple Rundle Place	https://www.apple.com/au/retail/rundleplace?cid=aos-au-seo-maps	Rundle Place Centre, Adelaide SA 5000, Australia	+61 8 7088 5300
All States Australia Mobile Mechanics & Auto Electricians Busselton Work Shop	https://www.allstatesmobile.com/	4 Goldsmith St, Busselton WA 6280, Australia	+61 499 040 163
Apple Hornsby	https://www.apple.com/au/retail/hornsby?cid=aos-au-seo-maps	Westfield, Hornsby NSW 2077, Australia	+61 2 8401 8800
E-clinic (Iphone Repair ipad Repair samsung Repair macbook Repair laptop Repair Shop)	http://e-clinicenterprises.com.au/	695 Marion Rd, Ascot Park SA 5043, Australia	+61 8 7230 9662
Payam Data Recovery (Melbourne)	https://www.payam.com.au/	Level 11/456 Lonsdale St, Melbourne VIC 3000, Australia	+61 1300 444 800
Mobile Phone Doctor	http://mobilephonedoctor.com.au/	Pacific Hwy, Loganholme QLD 4129, Australia	+61 7 3806 0080
Apple Perth City	https://www.apple.com/au/retail/perthcity?cid=aos-au-seo-maps	790 Hay St, Perth WA 6000, Australia	+61 8 6140 3800
Happytel Carousel 2	http://au.happytel.com/	K127 (near Valleygirl) Westfield Carousel, 1382 Albany Highway, Cannington WA 6107, Australia	+61 8 9258 5656
Samsung Joondalup	http://www.samsung.com/au/	Ground, Lakeside Shopping Centre, 420 Joondalup Drive, Joondalup WA 6027, Australia	+61 1300 425 299
Beyond The Box	https://www.beyondthebox.com.au/	54 Napier St, Essendon VIC 3040, Australia	+61 3 9372 8899
Apple Chadstone	https://www.apple.com/au/retail/chadstone?cid=aos-au-seo-maps	Chadstone Shopping Centre, Chadstone VIC 3148, Australia	+61 3 9038 7500
Apple Sydney	https://www.apple.com/au/retail/sydney?cid=aos-au-seo-maps	367 George St, Sydney NSW 2000, Australia	+61 2 8083 9400
Apple Chatswood Chase	https://www.apple.com/au/retail/chatswoodchase?cid=aos-au-seo-maps	Victoria Ave, Chatswood NSW 2067, Australia	+61 2 8064 6300
CELLMATE MIRRABOOKA	http://www.cellmate.com.au/	The Square Mirrabooka, 43 Yirrigan Drive, Mirrabooka WA 6061, Australia	+61 8 9345 0408
CELLMATE ARMADALE	http://www.cellmate.com.au/	K5, Armadale Central Shopping Centre, 10 Orchard Ave, Armadale WA 6112, Australia	+61 8 9399 3236
Happytel Eastlands - Huawei collection point	http://au.happytel.com/	Shop G015 Eastlands Shopping Centre, 1 Bligh St, Rosny Park TAS 7018, Australia	+61 3 6245 1849
iMobile Store	https://imobilestore.com.au/	shop 12/105 Cochranes Rd, Moorabbin VIC 3189, Australia	+61 3 9532 1235
Apple Highpoint	https://www.apple.com/au/retail/highpoint?cid=aos-au-seo-maps	120-200 Rosamond Rd, Maribyrnong VIC 3032, Australia	+61 3 9975 9700
Apple Brisbane	https://www.apple.com/au/retail/brisbane?cid=aos-au-seo-maps	Macarthur Chambers, Queen St, Brisbane City QLD 4000, Australia	+61 7 3182 9000
Xtreme Communications	http://xtremeonline.com.au/	Kiosk 2 ,Robina Town Centre, Robina Town Centre Dr, Robina QLD 4226, Australia	+61 7 5580 8807
Apple Castle Towers	https://www.apple.com/au/retail/castletowers?cid=aos-au-seo-maps	6-14 Castle St, Castle Hill NSW 2154, Australia	+61 2 8864 0800
Apple Bondi	https://www.apple.com/au/retail/bondi?cid=aos-au-seo-maps	213 Oxford St, Bondi Junction NSW 2022, Australia	+61 2 9019 2400
Manly Northern beaches iPhone Mac Repairs	http://www.manly-iphone-repairs.com/	310/20 Dale St, Brookvale NSW 2100, Australia	+61 414 636 693
Happytel	http://au.happytel.com/	4870 Captain Cook Hwy, Smithfield QLD 4878, Australia	+61 7 4038 3079
Parts Depo	http://www.partsdepo.com.au/	148 Ipswich Rd, Woolloongabba QLD 4102, Australia	+61 7 4942 6610
Apple Doncaster	https://www.apple.com/au/retail/doncaster?cid=aos-au-seo-maps	619 Doncaster Rd, Doncaster VIC 3108, Australia	+61 3 9914 2800
Microfix	http://www.microfix.com.au/	9 Robinson Rd, Rockingham WA 6168, Australia	+61 8 9528 2444
King IT	http://www.kingit.com.au/	Sunshine Plaza, Shop 262, 154-164 Horton Parade, Maroochydore QLD 4558, Australia	+61 7 5373 5140
Mobile Phone Rescue	http://mobilephonerescue.com.au/	Greenwood Plaza, Shop M58/36 Blue St, North Sydney NSW 2060, Australia	+61 2 9922 7878
Fix My Ipad	https://www.fixmyipad.com.au/	Level 21/207 Kent St, Barangaroo NSW 2000, Australia	+61 2 9037 5394
Happytel Elizabeth - Huawei collection point	http://au.happytel.com/	S138, Elizabeth City Centre, 50 Elizabeth Way, Elizabeth SA 5112, Australia	+61 8 8252 4939
Tech22	http://www.tech22.com.au/	Station Shopping Centre, Unit 3/35 Station Rd, Logan Central QLD 4114, Australia	+61 422 779 771
Xtreme Communications	http://xtremeonline.com.au/	28 Railway Parade, Granville NSW 2142, Australia	+61 2 8700 1277
Crazy Parts	https://www.crazyparts.com.au/	19 Euston St, Rydalmere NSW 2116, Australia	+61 1300 271 188
Happytel Carousel 1 - Huawei collection point	http://au.happytel.com/	Lvl 1 K137 (near Myer) Westfield Carousel, 1382 Albany Hwy, Cannington WA 6107, Australia	+61 8 9358 6456
Vodafone Fairfield	http://www.vodafone.com.au/	128C Ware St, Fairfield NSW 2165, Australia	+61 2 9724 9709
Mobile Automotive | Mobile Mechanic Rozelle	https://www.toyota.com.au/	692 Darling St, Rozelle NSW 2039, Australia	+61 2 9159 6053
Payam Data Recovery (Perth)	https://www.payam.com.au/	level 28/140 St Georges Terrace, Perth WA 6000, Australia	+61 1300 444 800
iGeektek	http://www.igeektek.com.au/	10 Ironstone Rd, Berrinba QLD 4117, Australia	+61 1300 894 658
Mo's Mobiles Canningvale	http://www.vodafone.com.au/	Shop 36/104 Ranford Rd, Canning Vale WA 6155, Australia	+61 8 9455 7555
Happytel 2 Westfield Marion	http://au.happytel.com/	Westfield Marion, k214/297 Diagonal Rd, Oaklands Park SA 5046, Australia	+61 8 8298 8805
Gadget Fix	http://www.gadgetfix.com.au/	102a/620 St Kilda Rd, Melbourne VIC 3004, Australia	+61 3 9510 7423
Life Mobile	https://www.telechoice.com.au/	120 Oxford St, Leederville WA 6007, Australia	+61 8 6114 7121
Bing Lee	http://www.binglee.com.au/stores/moore-park?utm_source=google&utm_medium=organic&utm_campaign=Google-places&utm_term=Moore-park	Moore Park SupaCenta Shop GF22, 2A Todman Ave, Kensington NSW 2033, Australia	+61 2 9781 3129
A-Phones	http://www.facebook.com/a-phones-Bunbury-Phone-Repairs-1572410832978657	Sandridge Rd, East Bunbury WA 6230, Australia	+61 488 846 688
Hawk IT Services Pty Ltd	http://www.vodafone.com.au/	9/351 Oran Park Dr, Oran Park NSW 2570, Australia	+61 2 4602 6000
Happytel Carousel 1 - Huawei collection point	http://au.happytel.com/	Lvl 1 K137 (near Myer) Westfield Carousel, 1382 Albany Hwy, Cannington WA 6107, Australia	+61 8 9358 6456
Vodafone Fairfield	http://www.vodafone.com.au/	128C Ware St, Fairfield NSW 2165, Australia	+61 2 9724 9709
Mobile Automotive | Mobile Mechanic Rozelle	https://www.toyota.com.au/	692 Darling St, Rozelle NSW 2039, Australia	+61 2 9159 6053
Payam Data Recovery (Perth)	https://www.payam.com.au/	level 28/140 St Georges Terrace, Perth WA 6000, Australia	+61 1300 444 800
iGeektek	http://www.igeektek.com.au/	10 Ironstone Rd, Berrinba QLD 4117, Australia	+61 1300 894 658
Mo's Mobiles Canningvale	http://www.vodafone.com.au/	Shop 36/104 Ranford Rd, Canning Vale WA 6155, Australia	+61 8 9455 7555
Happytel 2 Westfield Marion	http://au.happytel.com/	Westfield Marion, k214/297 Diagonal Rd, Oaklands Park SA 5046, Australia	+61 8 8298 8805
Gadget Fix	http://www.gadgetfix.com.au/	102a/620 St Kilda Rd, Melbourne VIC 3004, Australia	+61 3 9510 7423
Life Mobile	https://www.telechoice.com.au/	120 Oxford St, Leederville WA 6007, Australia	+61 8 6114 7121
Bing Lee	http://www.binglee.com.au/stores/moore-park?utm_source=google&utm_medium=organic&utm_campaign=Google-places&utm_term=Moore-park	Moore Park SupaCenta Shop GF22, 2A Todman Ave, Kensington NSW 2033, Australia	+61 2 9781 3129
A-Phones	http://www.facebook.com/a-phones-Bunbury-Phone-Repairs-1572410832978657	Sandridge Rd, East Bunbury WA 6230, Australia	+61 488 846 688
Hawk IT Services Pty Ltd	http://www.vodafone.com.au/	9/351 Oran Park Dr, Oran Park NSW 2570, Australia	+61 2 4602 6000
AutoSparky	http://www.autosparky.com/	9 Dalgety Rd, Braitling NT 0870, Australia	+61 8 8953 0800
Country Tech Leading Appliances	http://www.countrytech.com.au/	89-91 Grant St, Alexandra VIC 3714, Australia	+61 3 5772 3165
Bing Lee	http://www.binglee.com.au/stores/moore-park?utm_source=google&utm_medium=organic&utm_campaign=Google-places&utm_term=Moore-park	Moore Park SupaCenta Shop GF22, 2A Todman Ave, Kensington NSW 2033, Australia	+61 2 9781 3129
A-Phones	http://www.facebook.com/a-phones-Bunbury-Phone-Repairs-1572410832978657	Sandridge Rd, East Bunbury WA 6230, Australia	+61 488 846 688
Hawk IT Services Pty Ltd	http://www.vodafone.com.au/	9/351 Oran Park Dr, Oran Park NSW 2570, Australia	+61 2 4602 6000
AutoSparky	http://www.autosparky.com/	9 Dalgety Rd, Braitling NT 0870, Australia	+61 8 8953 0800
Country Tech Leading Appliances	http://www.countrytech.com.au/	89-91 Grant St, Alexandra VIC 3714, Australia	+61 3 5772 3165
Phone Smiths	http://www.phonesmiths.com.au/	1/186 Main Rd, Blackwood SA 5051, Australia	+61 8 8278 4484
Total Action Computers	https://www.facebook.com/TACInfinityAustralia/	Shop 6, The Savoy Centre, Albert St, Taree NSW 2430, Australia	+61 2 6557 8484
Life Mobile	http://www.lifemobile.com.au/	unit 6/41 Discovery Dr, Bibra Lake WA 6163, Australia	+61 1300 381 221
Mobileciti	https://www.mobileciti.com.au/	Shop 8/118 Church St, Parramatta NSW 2150, Australia	+61 2 9893 8886
Smartphone Specialist	http://smartphonespecialist.com.au/?utm_source=google&utm_medium=organic&utm_campaign=Google%20My%20Business	14 Mitchell St, Bendigo VIC 3550, Australia	+61 3 5443 5475
Samsung Sydney	http://www.samsung.com/au/	450 George St, Sydney NSW 2000, Australia	+61 1300 425 299
Screen Fixed	http://www.screenfixed.com.au/	Suite 1020, level 11/66 Clarence St, Sydney NSW 2000, Australia	+61 2 8316 2831
Samsung	http://www.samsung.com/au/	211 La Trobe St, Melbourne VIC 3000, Australia	+61 1300 425 299
Techncian Training Australia	http://technician-training-online.com/	148 Ipswich Rd, Woolloongabba QLD 4102, Australia	+61 7 3999 8613
Samsung	http://www.samsung.com/au	120-200 Rosamond Rd, Maribyrnong VIC 3032, Australia	+61 1300 425 299
Pimp My Gadget DFO Jindalee (Re opening March 2020)	http://pimpmygadget.com.au/	16 Amazons Pl, Jindalee QLD 4074, Australia	+61 1300 790 430
BuzzTech Mount Gambier	https://buzztech.com.au/mountgambier/	182/248 Penola Rd, Mount Gambier SA 5290, Australia	+61 8 8725 5467
OPPO Service Centre Macquarie Park	https://support.oppo.com/au/	Suite 8.04, Level 8/15 Talavera Rd, Macquarie Park NSW 2113, Australia	+61 1300 006 776
Commander Centre Launceston	http://www.commander.com/	69A George St, Launceston TAS 7250, Australia	+61 1300 420 501
Westcoast Wholesalers	https://wcwholesalers.com.au/	325 Albany Hwy, Victoria Park WA 6100, Australia	+61 1800 940 558
i-Station Mobile Device Repair Center Welshpool	http://www.i-station.com.au/	E2/33-37 Murray Rd S, Welshpool WA 6106, Australia	+61 450 795 071
Mo's Mobiles Shell Harbour	http://www.vodafone.com.au/	Lake Entrance Rd, Shop 52B, Shell Harbour City Centre, Oak Flats NSW 2529, Australia	+61 2 4260 8713
Sony Australia Limited	http://www.sony.com.au/	25 Donkin St, West End QLD 4101, Australia	+61 1300 137 669
Iveco Repairs	http://www.mobiledailyservice.com.au/	4/6 Barry Rd, Chipping Norton NSW 2170, Australia	+61 2 8739 9165
Samsung Service Centre	https://www.samsung.com/au/support/repair/process/?type=phones	3 Murray Rose Ave, Sydney Olympic Park NSW 2127, Australia	+61 1300 425 299
Australian Specialised Machinery Glass	http://www.machineryglass.net.au/	4/3 Carroll St, Mount Louisa QLD 4814, Australia	+61 1300 429 622
Mobile Energy Australia	http://www.mobileenergyaustralia.com.au/	39 Dulacca St, Acacia Ridge QLD 4110, Australia	+61 7 3273 6803
