Title	WebSite	Address	Phone
Australia GSM World	http://www.australiagsmworld.com.au/	JB HIFI, Craigieburn Central, Shop E00-34 (Near TARGET and, 340 Craigieburn Rd, Craigieburn VIC 3064, Australia	+61 3 9308 4750
Mobile Plus@Southport	http://www.goldcoastphonerepairs.com.au/	Australia Fair Shopping Centre, Shop G/116, 42 Marine Parade, Southport QLD 4215, Australia	+61 7 5527 0873
Fone Fix Sydney	https://fonefix.com.au/	107/250 Pitt St, Sydney NSW 2000, Australia	+61 2 9261 2340
Fone Fix Bondi Junction	https://fonefix.com.au/location/bondijunction/	14/80 Spring St, Bondi Junction NSW 2022, Australia	+61 2 9386 1951
Aussie Mobile Phone Repairs Capalaba Central	http://aussiemobilephonerepairs.com.au/	Capalaba Central Shopping Centre Kiosk, 21 Moreton Bay Rd, Capalaba QLD 4157, Australia	+61 7 3245 4662
Fix My Mobile - Brisbane CBD	https://www.fixmymobile.com.au/	1B/144 Adelaide St, Brisbane City QLD 4000, Australia	+61 1300 349 349
Cheap Mobile Repair	https://www.cheapmobilerepair.com.au/	Shop 2/55 Burwood Rd, Burwood NSW 2134, Australia	+61 2 9747 8880
Aussie Mobile Phone Repairs Mount Gravatt	http://aussiemobilephonerepairs.com.au/	1484 Logan Rd, Mount Gravatt QLD 4122, Australia	+61 7 3849 7035
Cheap Mobile Repair	https://www.cheapmobilerepair.com.au/	Station Arcade, Shop 5/52 - 54 Hindley St, Adelaide SA 5000, Australia	+61 8 7080 6100
ZCASE Australia	http://zcase.com.au/	kiosk a/50 Dorset Square, Boronia VIC 3155, Australia	+61 3 9762 6097
Fix A Phone	https://www.fixaphone.com.au/	246 Carlisle St, Balaclava VIC 3183, Australia	+61 3 8373 4748
Sydney CBD Repair Centre	https://www.sydneycbd.repair/	Suite 201, Level 2/661 George St, Haymarket NSW 2000, Australia	+61 2 8011 4119
REPAIR MATE | Melbourne CBD	http://www.repairmate.com.au/	307/365 Little Collins St, Melbourne VIC 3000, Australia	+61 3 9067 7551
Cheap Mobile Repair	https://www.cheapmobilerepair.com.au/	shop 1a/2 Enmore Rd, Newtown NSW 2042, Australia	+61 2 8970 0947
FoneEZY	https://www.foneezy.com.au/?utm_source=google&utm_medium=organic&utm_campaign=GMB	B1/267 Murray St, Perth WA 6000, Australia	+61 1300 366 333
Cityphones - Phone Repair & Accessories	http://www.cityphones.com.au/	148 Elizabeth St, Melbourne VIC 3000, Australia	+61 426 504 955
Cityphones - Phone Repair & Accessories	http://www.cityphones.com.au/	148 Elizabeth St, Melbourne VIC 3000, Australia	+61 426 504 955
FoneEZY	https://www.foneezy.com.au/?utm_source=google&utm_medium=organic&utm_campaign=GMB	B1/267 Murray St, Perth WA 6000, Australia	+61 1300 366 333
OnTheGo Phone & Computer Repairs Melbourne CBD Open As Usual	https://www.onthegorepairs.com.au/	190 Russell St, Melbourne VIC 3000, Australia	+61 3 9639 1111
Digimob Mobile Phone Repairs - We fix phones	http://www.digimob.com.au/	22 Payneham Rd, Stepney SA 5069, Australia	+61 8 8232 9566
Happytel	http://happytel.com/	Shop GD0K1, 300 Lonsdale St, Melbourne VIC 3000, Australia	+61 3 9654 1450
Westcoast Phone Repairs Perth	https://westcoastrepairs.com.au/	325 Albany Hwy, Victoria Park WA 6100, Australia	+61 405 672 390
Jun's Repairs Phone n Laptop in Adelaide	http://twotwotwo.com.au/	222 Tapleys Hill Rd, Seaton SA 5023, Australia	+61 490 785 679
Happytel Auburn Repair Centre - Huawei Service Centre	http://www.happytel.com/	154-156 Adderley St W, Auburn NSW 2144, Australia	+61 2 8737 1100
Happytel	http://au.happytel.com/	K207, Stacey St, Bankstown NSW 2200, Australia	+61 2 9708 1841
Fix A Phone	https://www.fixaphone.com.au/	220 Glen Huntly Rd, Elsternwick VIC 3185, Australia	+61 3 9523 0666
Casphone Phone, Computer & IT Repairs	https://www.casphone.com.au/	148 Ipswich Rd, Woolloongabba QLD 4102, Australia	+61 7 3733 0960
GR Phones Plympton IPhone iPad Samsung Phone Repair	http://www.grphones.com.au/	3/285 Anzac Hwy, Plympton SA 5038, Australia	+61 8 8342 0008
Australia GSM World DALLAS	http://www.australiagsmworld.com.au/	22 Dargie Ct, Broadmeadows VIC 3047, Australia	+61 3 9309 7933
GR Phones Sefton Plaza IPhone iPad Tablet Samsung Repair	http://www.grphones.com.au/	Shop 22, Sefton Plaza Shopping Ctr, 239 Main N Rd, Sefton Park SA 5083, Australia	+61 8 8342 0008
MKC iPhone & iPad Repairs Melbourne	http://www.mkcrepairs.com.au/open-7-days/	447 Elizabeth St, Melbourne VIC 3000, Australia	+61 3 8399 1370
i-Station (Morley) - Mobile Phone/Tablet/Computer Repair Service Centre	http://i-station.com.au/	Shop 7/131 Crimea St, Morley WA 6062, Australia	+61 8 6114 3680
Phonebot can fix it	http://www.phonebot.com.au/	9 Grey St, St Kilda VIC 3182, Australia	+61 3 9534 2666
Cityphones - Phone Repair Swanston Street	http://www.cityphones.com.au/	160 Swanston St, Melbourne VIC 3000, Australia	+61 432 834 955
Phone Ninja	http://phone-repairs-perth.com.au/	u1/235 Main St, Osborne Park WA 6017, Australia	+61 8 9345 2118
PTC Phone Repair Grand Central	https://www.ptc.net.au/	Grand Central Shopping Centre, Shop K9, Toowoomba City QLD 4350, Australia	+61 7 3733 1599
Device Trader Phones & Computers	http://www.devicetrader.com.au/	1/130 Jonson St, Byron Bay NSW 2481, Australia	+61 2 6685 5585
OnTheGo Phone and Computer Repairs Glen Waverley OPEN As Usual	https://www.onthegorepairs.com.au/	235 Springvale Rd, Glen Waverley VIC 3150, Australia	+61 3 9886 8851
PTC Phone Repair Tweedcity	http://www.ptc.net.au/	54 Minjungbal Dr, Tweed Heads South NSW 2486, Australia	+61 7 5513 0360
PTC Phone Repair Robina	http://www.ptc.net.au/	Shop T2033B 1 Robina Town Centre Dr, Robina QLD 4230, Robina QLD 4230, Australia	+61 7 5580 9375
JS Tech Australia	http://www.jstech.com.au/	Address:, 9/17 Keppel Dr, Hallam VIC 3803, Australia	+61 3 9939 7625
MKC iPhone & iPad Repairs Melbourne	http://www.mkcrepairs.com.au/open-7-days/	447 Elizabeth St, Melbourne VIC 3000, Australia	+61 3 8399 1370
i-Station (Morley) - Mobile Phone/Tablet/Computer Repair Service Centre	http://i-station.com.au/	Shop 7/131 Crimea St, Morley WA 6062, Australia	+61 8 6114 3680
Phonebot can fix it	http://www.phonebot.com.au/	9 Grey St, St Kilda VIC 3182, Australia	+61 3 9534 2666
Cityphones - Phone Repair Swanston Street	http://www.cityphones.com.au/	160 Swanston St, Melbourne VIC 3000, Australia	+61 432 834 955
Phone Ninja	http://phone-repairs-perth.com.au/	u1/235 Main St, Osborne Park WA 6017, Australia	+61 8 9345 2118
PTC Phone Repair Grand Central	https://www.ptc.net.au/	Grand Central Shopping Centre, Shop K9, Toowoomba City QLD 4350, Australia	+61 7 3733 1599
PhoneBeats - Phone Repairs	http://www.phonebeats.com.au/	231 Elizabeth St, Melbourne VIC 3000, Australia	+61 450 305 480
Device Trader Phones & Computers	http://www.devicetrader.com.au/	1/130 Jonson St, Byron Bay NSW 2481, Australia	+61 2 6685 5585
OnTheGo Phone and Computer Repairs Glen Waverley OPEN As Usual	https://www.onthegorepairs.com.au/	235 Springvale Rd, Glen Waverley VIC 3150, Australia	+61 3 9886 8851
PTC Phone Repair Tweedcity	http://www.ptc.net.au/	54 Minjungbal Dr, Tweed Heads South NSW 2486, Australia	+61 7 5513 0360
PTC Phone Repair Robina	http://www.ptc.net.au/	Shop T2033B 1 Robina Town Centre Dr, Robina QLD 4230, Robina QLD 4230, Australia	+61 7 5580 9375
JS Tech Australia	http://www.jstech.com.au/	Address:, 9/17 Keppel Dr, Hallam VIC 3803, Australia	+61 3 9939 7625
Mobile Phone Care & Welcome Tech	http://www.mobilephonecare.com.au/	Suite 1/376 Victoria Ave, Chatswood NSW 2067, Australia	+61 2 8385 0391
Samsung Galaxy Repairs	https://www.samsunggalaxyrepairs.com.au/	Brisbane City QLD 4000, Australia	+61 466 002 258
Mobile Expert- iPhone, Samsung & iPad Repairs, Data Recovery	https://www.mobileexpert.com.au/	3 Fatima Pl, Calamvale QLD 4116, Australia	+61 405 492 202
Mobile Repair Centre	http://mobilerepaircentre.com.au/	307/365 Little Collins St, Melbourne VIC 3000, Australia	+61 3 8376 7750
Happytel Canberra Centre	http://au.happytel.com/	Kiosk FFK27 Canberra Centre (near JB Hifi on, Level 1/148 Bunda St, Canberra ACT 2601, Australia	+61 2 6257 9978
Daddys Phones Repairs Adelaide	http://daddysphones.com.au/	132 Muller Rd, Greenacres SA 5086, Australia	+61 449 852 130
MKC iPhone & iPad Repairs Melbourne	http://www.mkcrepairs.com.au/open-7-days/	447 Elizabeth St, Melbourne VIC 3000, Australia	+61 3 8399 1370
i-Station Mobile Device Repair Center Morley	http://i-station.com.au/	Shop 7/131 Crimea St, Morley WA 6062, Australia	+61 8 6114 3680
Phonebot can fix it	http://www.phonebot.com.au/	9 Grey St, St Kilda VIC 3182, Australia	+61 3 9534 2666
MKC iPhone & iPad Repairs Melbourne	http://www.mkcrepairs.com.au/open-7-days/	447 Elizabeth St, Melbourne VIC 3000, Australia	+61 3 8399 1370
i-Station Mobile Device Repair Center Morley	http://i-station.com.au/	Shop 7/131 Crimea St, Morley WA 6062, Australia	+61 8 6114 3680
IDOC Iphone & Ipad Screen Repairs South Yarra	https://www.idocrepair.com.au/	1/48 Macfarlan St, South Yarra VIC 3141, Australia	+61 3 9867 4292
OnTheGo Phone & Computer Repairs Melbourne CBD Open As Usual	https://www.onthegorepairs.com.au/	190 Russell St, Melbourne VIC 3000, Australia	+61 3 9639 1111
GR Phones Sefton Plaza IPhone iPad Tablet Samsung Repair	http://www.grphones.com.au/	Shop 22, Sefton Plaza Shopping Ctr, 239 Main N Rd, Sefton Park SA 5083, Australia	+61 8 8342 0008
iExperts	http://www.iexperts.com.au/	Suite 9A, Level 9/428 George Street The Dymocks Building, Sydney NSW 2000, Australia	+61 1300 500 511
Aussie Mobile Solution-Telechoice Authorised Dealer-Mobile Phone Sale, Repair,Contract, Accessories	http://aussiemobilesolution.com.au/	Kiosk 015 Brimbank shopping center, Conner Neale road and, Station Rd, Deer Park VIC 3023, Australia	+61 430 207 386
Phone Ninja	http://phone-repairs-perth.com.au/	3/297 Great Eastern Hwy, Belmont WA 6104, Australia	+61 8 6248 6665
iPhone repairs Melbourne CBD	http://iphonerepairsmelbournecbd.com.au/	206/125 Swanston St, Melbourne VIC 3000, Australia	+61 451 086 866
Happytel Canberra Centre	http://au.happytel.com/	Kiosk FFK27 Canberra Centre (near JB Hifi on, Level 1/148 Bunda St, Canberra ACT 2601, Australia	+61 2 6257 9978
iWorkshop London Court.iPhone Repair Perth ,Phone repairs Perth ,Mac-book Repairs Perth ,Laptop Repairs Perth.	http://www.iworkshop.com.au/	LONDON COURT, Shop 12/647 Hay St, Perth WA 6000, Australia	+61 8 6161 7203
Fone King Repair Centre HQ	http://foneking.com.au/location/headquarters/	707/2 Huntley St, Alexandria NSW 2015, Australia	+61 2 9698 8066
Vones	https://www.vones.com.au/	Level 5 Shop 5006A/100 Market St, Sydney NSW 2000, Australia	+61 2 9387 1688
Platinum Phone Services - iPhone Repairs Gold Coast	http://www.platinumphoneservices.com.au/	Shop 1A/126 Scarborough St, Southport QLD 4215, Australia	+61 411 118 453
Fone King QVB	http://foneking.com.au/location/qvb/	QVB, Shop 44, Lower Ground Level, 455 George Street, George St, Sydney NSW 2000, Australia	+61 2 9283 6988
IDOC Iphone Ipad Screen Repairs Melbourne	https://www.idocrepair.com.au/iphonerepairmelbourne/	150 Swanston St, Melbourne VIC 3000, Australia	+61 3 9077 0411
Fixpress - iPhone Repair-iPad Repair -Macbook Repair-Laptop Repair-Samsung Repair-Repair Perth	http://www.fixpress.com.au/	160 St Georges Terrace, Perth WA 6000, Australia	+61 1300 309 318
Star Tech Phone Repairs	http://www.startechphonerepairs.com.au/	9 Treemartin Pl, East Cannington WA 6107, Australia	+61 420 994 662
REPAIR MATE | Carnegie Central	http://www.repairmate.com.au/	Kiosk 3 20/2 Koornang Rd, Carnegie VIC 3163, Australia	+61 3 9020 4573
Repair Mate Sydney | Rockdale	http://www.repairmate.com.au/	Shop 1/495 Princes Hwy, Rockdale NSW 2216, Australia	+61 2 8880 9292
Happytel QVB - Huawei service centre	http://www.happytel.com/	Shop 82/455 George St, Sydney NSW 2000, Australia	+61 2 9261 5210
PTC Phone Repair Pacific Fair Shop	http://www.ptc.net.au/	Pacific Fair Shopping Centre, 2/32 Hooker Blvd, Broadbeach QLD 4218, Australia	+61 7 5538 6666
iExperts	http://www.iexperts.com.au/	Suite 9A, Level 9/428 George Street The Dymocks Building, Sydney NSW 2000, Australia	+61 1300 500 511
Mobile Experts Indooroopilly	http://www.mobile-experts.com.au/	322 Moggill Rd, Indooroopilly QLD 4068, Australia	+61 7 3878 9199
IDOC Iphone & Ipad Screen Repairs South Yarra	https://www.idocrepair.com.au/	1/48 Macfarlan St, South Yarra VIC 3141, Australia	+61 3 9867 4292
Fone King Sydney	http://foneking.com.au/location/centre-point/	Kiosk 102a/184 Pitt St, Sydney NSW 2000, Australia	+61 2 9233 3688
MacBook, iPhone & iPad Repairs Melbourne - AMT Electronics	https://www.amtelectronics.net.au/	381 Elizabeth St, Melbourne VIC 3000, Australia	+61 3 9663 9111
Screen Fixed	https://www.screenfixed.com.au/	Centreway Arcade, Shop 11/259/263 Collins St, Melbourne VIC 3000, Australia	+61 3 9108 1598
EasyPhix Pty Ltd	http://www.easyphix.com.au/	Level 1/686 Botany Rd, Mascot NSW 2020, Australia	+61 1300 366 136
Mobile Experts Parramatta	http://www.mobile-experts.com.au/	Shop 1147/159-175 Church St, Parramatta NSW 2150, Australia	+61 2 9633 3425
Fone Galaxy Central	http://www.fonegalaxy.com.au/	Shop 5, 816 George Street Railway square Interchange Pedestrian Tunnel, NSW 2000, Australia	+61 2 9280 1212
Aussie Mobile Phone Repairs	http://www.aussiemobilephonerepairs.com.au/	Town Square Redbank Plains Shopping Centre, 60B/357-403 Redbank Plains Rd, Redbank Plains QLD 4301, Australia	+61 7 3814 2864
Mobile Experts Rouse Hill	http://www.mobile-experts.com.au/	K6,Windsor Rd &, White Hart Dr, Rouse Hill NSW 2155, Australia	+61 2 8883 4339
The Mobile Phone Clinic	http://www.themobilephoneclinic.com.au/	2/243 Springvale Rd, Springvale VIC 3171, Australia	+61 3 9547 9991
PTC Phone Repairs West Lakes	http://www.ptc.net.au/	shop k05/111 W Lakes Blvd, West Lakes SA 5021, Australia	+61 8 8235 2904
Phone Buzz	http://www.phonebuzz.com.au/	Benowa Gardens Shopping Centre, Benowa Rd, Benowa QLD 4217, Australia	+61 433 348 712
LG Mobile Phone Service Centre	http://www.evertec.com.au/	55 Parramatta Rd, Lidcombe NSW 2141, Australia	+61 2 9648 6374
Sydney Mobile Phone Repairs	http://www.sydneymobilephonerepairs.com.au/	480 King Georges Rd, Beverly Hills NSW 2209, Australia	+61 2 9099 4444
Australia GSM World	http://www.australiagsmworld.com.au/	Commonwealth Bank, 120-200 Rosamond Road Shop-3117 (Near, Maribyrnong VIC 3032, Australia	+61 3 9318 8831
Australia GSM World	http://www.australiagsmworld.com.au/	KD36A/1341 Dandenong Rd, Malvern East VIC 3148, Australia	+61 3 9568 8867
Sydney Tech Repairs - DIO	http://sydneytechrepairs.com.au/	Federal Road Shop no 47, Seven hills Plaza, Cnr Prospect Hwy, Seven Hills NSW 2147, Australia	+61 2 9676 6550
JMC Computers - iPhone, iPad & Apple Mac Repairs Melbourne	https://www.jmccomputers.com.au/	INSIDE COBURG MARKET, 24 Louisa St, Coburg VIC 3058, Australia	+61 431 408 141
Aussie Mobile Solution-Telechoice Authorised Dealer-Mobile Phone Sale, Repair,Contract, Accessories	http://aussiemobilesolution.com.au/	Kiosk 015 Brimbank shopping center, Conner Neale road and, Station Rd, Deer Park VIC 3023, Australia	+61 430 207 386
PT Mobiles Australia	http://www.ptmobiles.com.au/	Shop B15, Carnes Hill Market Place, 245 Cowpasture Rd, Horningsea Park NSW 2171, Australia	+61 2 9607 8522
iCanFixIt Screen Repair	https://www.icanfixit.com.au/	CBD, Level 1, Suite 101/365 Little Collins St, Melbourne VIC 3000, Australia	+61 3 9663 9998
My Phone Repair Shop	https://myphonerepairshop.business.site/	30 Sydney Rd, Mudgee NSW 2850, Australia	+61 2 6372 1030
Apple Watch Repairs	https://www.applewatchrepairs.com.au/	Suite 1003/42 Wyandra St, Newstead QLD 4006, Australia	+61 415 352 814
Phone Glass Repair	http://phoneglassrepair.com.au/	344-C, Magill Rd, Kensington Park SA 5068, Australia	+61 1300 415 231
Speedy Phone Repairs - Phones, Tablets & Laptops Repairs	http://speedyphonerepairs.com.au/	Shop1b/1 Railway Parade, Kogarah NSW 2217, Australia	+61 490 147 702
My Mobile	http://www.mymobile.com.au/	69 Adelaide St, Brisbane City QLD 4000, Australia	+61 7 3012 7977
Mobile Repair Shop	https://www.mobilerepairshop.com.au/	344-A Magill Rd, Kensington Park SA 5068, Australia	+61 1300 871 879
Fix My Mobile - Chermside	https://www.fixmymobile.com.au/	Kiosk 6 Gympie Rd, Chermside QLD 4032, Australia	+61 1300 349 349
uBreakiFix Sydney CBD | North Sydney	http://www.ubreakifix.com.au/	Level 1/133 Castlereagh St, Sydney NSW 2000, Australia	+61 1300 367 399
BuzzTech - Geelong	http://www.buzztech.com.au/	404 Latrobe Terrace, Newtown VIC 3220, Australia	+61 3 5292 1921
Fixpod	https://www.fixpod.com.au/	257 Broadway, Glebe NSW 2037, Australia	+61 1300 349 763
IQuickFix Phone and Laptop Repair	http://iquickfix.com.au/	45 Good St, Granville NSW 2142, Australia	+61 2 8897 2722
iPhone/iPad & Samsung Repairs	http://www.mkcrepairs.com.au/open-7-days/	Store 2/447 Elizabeth St, Melbourne VIC 3000, Australia	+61 1300 652 652
CELLMATE MADDINGTON	http://www.cellmate.com.au/	KI002, Maddington Central, Cnr Burslem & Attfied st, Maddington WA 6109, Australia	+61 8 9452 7733
MobiTech Mobile Phone Repair	https://www.facebook.com/MobixTech/	Shop 10/680 Glenferrie Rd, Hawthorn VIC 3122, Australia	+61 466 980 792
Phone Fix Genius	https://www.mobilerepairfactory.com.au/	87 Gibson Ave, Padstow NSW 2211, Australia	+61 2 8739 2050
Device Repairs Australia	http://www.devicerepairsaustralia.com.au/	31 Woondooma St, Bundaberg Central QLD 4670, Australia	+61 7 4152 1875
iPhix Mobile Phone Repair	https://www.iphixphonerepair.com.au/	level 1/181-185 Rowe St, Eastwood NSW 2122, Australia	+61 406 886 999
Speedy Phone Repairs	http://speedyphonerepairs.com.au/	K6/1 Rockdale Plaza Dr, Rockdale NSW 2216, Australia	+61 2 9553 9918
Fone Express	http://www.foneexpress.com.au/	Shop K304/152 Bunnerong Rd, Eastgardens NSW 2036, Australia	+61 2 8347 2477
iFone Haven - iPhone Repair Frankston Cheap Phone Screen Replacement Samsung Mobile repairs	http://www.ifonehaven.com.au/	188 Humphries Rd, Mount Eliza VIC 3930, Australia	+61 435 715 624
Pak Phone Repairs and Accesories	http://www.pakshop.com.au/	320 McCrae St & Walker Street, Dandenong VIC 3175, Australia	+61 3 8752 0815
Casphone Phone and Computer Repairs	http://www.casphone.com.au/	cairns central, 1 - 21 McLeod St, Cairns City QLD 4870, Australia	+61 7 3733 0960
iLab Mobile Phone Repairs Adelaide	http://www.i-lab.com.au/	292 Marion Rd, Netley SA 5047, Australia	+61 468 333 184
Xtreme Communications	http://xtremeonline.com.au/	Hunter Connection Arcade, Shop P9a, Ground Level, 109 Pitt St, Sydney NSW 2000, Australia	+61 2 9231 6661
Essentially Mobile	http://www.essentiallymobile.com.au/	104 Collins St, Hobart TAS 7000, Australia	+61 3 6231 6111
Screen Fixed	https://www.screenfixed.com.au/?utm_source=Googlemybusiness&utm_medium=GMB&utm_campaign=BNE&utm_content=GMBTraffic	Level 16/200 Mary St, Brisbane City QLD 4000, Australia	+61 1300 193 331
Repair ANY Phone	http://www.sellanycomputer.com.au/	125 Auburn Rd, Auburn NSW 2144, Australia	+61 416 160 167
Pro Phone Repair	http://prophonerepair.com.au/	Albany Plaza, Shop L201/38 Albany Hwy, Albany WA 6330, Australia	+61 433 132 886
Fix I.T Express	https://fixitenex100.wixsite.com/fixitexpress	p151/100 St Georges Terrace, Perth WA 6000, Australia	+61 477 002 071
One-Systems, Computer and Phone repairs	http://onesystems.com.au/	166A The Parade, Norwood SA 5067, Australia	+61 8 8333 0213
My Phone Rescue	http://www.myphonerescue.com.au/	26 Sussex St, Sydney NSW 2000, Australia	+61 478 930 333
Camberwell Lotto & Mobile	http://www.lottomobile.com.au/	741 Burke Rd, Camberwell VIC 3124, Australia	+61 3 9882 9297
Smart Mobile Zone	http://www.smzone.com.au/	Shop 56, Royal Randwick Shopping Centre, 73 Belmore Rd, Randwick NSW 2031, Australia	+61 420 618 168
Phonebot	http://www.phonebot.com.au/	289 Broadway, Reservoir VIC 3073, Australia	+61 3 9462 6936
Mobile Phone Repair shop	http://www.mobilephonehospital.com.au/	Westfield Chatswood K312, 1 Anderson St, Chatswood NSW 2067, Australia	+61 2 9412 2421
Mobile Genie Busselton - Phone Repairs & Service	https://busselton-phone-repair-genie.business.site/	12a/69 Prince St, Busselton WA 6280, Australia	+61 426 815 550
Reliable Mobile Phone Repairs	http://www.reliablecomputerssutherland.com.au/	2A Boyle St, Sutherland NSW 2232, Australia	+61 1800 663 923
Mobile Experts Casula	http://www.mobile-experts.com.au/	Kiosk – 109/1 Ingham Dr, Casula NSW 2170, Australia	+61 2 9824 0816
i-Repair Smartphones	http://www.i-repair.com.au/	316 Manningham Rd, Doncaster VIC 3108, Australia	+61 477 850 589
Screen Fixed	http://www.screenfixed.com.au/	Suite 1020, level 11/66 Clarence St, Sydney NSW 2000, Australia	+61 2 8316 2831
Google Pixel Repairs	http://www.googlepixelrepairs.com.au/	11/68 Davies Rd, Ashgrove QLD 4060, Australia	+61 7 3154 5994
Pak Phone and PC Repairs Box Hill Centro	http://www.pakshop.com.au/	Box Hill Central, f29/17-21 Market St, Box Hill VIC 3128, Australia	+61 3 8394 4291
Phone Care Clinic	http://www.phonecareclinic.com/	111 Acland St, St Kilda VIC 3182, Australia	+61 420 366 115
TOP I.T. Tech Computer and Phone Repair and Sales	http://www.topittech.com.au/	71 Beecroft Rd, Epping NSW 2121, Australia	+61 2 9869 8611
fix2U	https://www.fix2u.com/	211 Beveridge St, Swan Hill VIC 3585, Australia	+61 1300 163 090
iPhone Repairs Perth	http://perthrepairs.com.au/	Shop 12, London Court, 647 Hay St, Perth WA 6000, Australia	+61 8 6161 7203
Fix My Mobile - Carindale	https://www.fixmymobile.com.au/	Lower Ground, 1151 Creek Rd, Carindale QLD 4152, Australia	+61 1300 349 349
Ifix mobile Australia(Gawler store)	http://gawlergreen.com.au/store-finder/ifix-mobile-australia/	Kiosk 1/4 Tulloch Rd, Evanston SA 5116, Australia	+61 435 282 833
Pimp my Gadget DFO Brisbane airport	http://pimpmygadget.com.au/	Shop 206 DFO,, 18th Avenue, Brisbane Airport QLD 4007, Australia	+61 7 3114 1177
BuzzTech Mobile Phone Repairs - Colac	https://buzztech.com.au/colac/	201 Murray St, Colac VIC 3250, Australia	+61 475 671 426
iPhone Repair Adelaide CBD	http://iphonerepairadelaide.com/	68 Grote St, Adelaide SA 5000, Australia	+61 8 8221 5799
Mobile Computer Services Australia	http://www.mobilecomputers.com.au/	8/43-51 College St, Gladesville NSW 2111, Australia	+61 2 9817 0544
Sydney Central Repair	http://sydneycentralrepair.com/?utm_source=gmb&utm_medium=referral	Shop G05/323 Castlereagh St, Haymarket NSW 2000, Australia	+61 477 277 288
Repair Centre Springvale	http://repaircentrevic.com.au/	21/268-274 Springvale Rd, Springvale VIC 3171, Australia	+61 3 8513 0397
Beltz's Mobile Phone Expert Repairs	https://www.telcoworld.com.au/	451 South Rd, Bentleigh VIC 3204, Australia	+61 3 9555 5502
Technology Traders	https://technologytraders.com.au/	Shop 4, Booval Fair Shopping Centre, Brisbane Rd, Booval QLD 4304, Australia	+61 7 3812 8660
Lukey PC Repairs	http://lukeypcrepairs.com.au/	31 Woondooma St, Bundaberg Central QLD 4670, Australia	+61 7 4151 7007
Re-Boot IT Computer Phone Repairs Townsville	https://www.re-boot.com.au/	5/581 Ross River Rd, Townsville QLD 4817, Australia	+61 7 4755 1503
IPHONE SCREEN REPAIR	https://iphonescreenrepairz.com/	01/252 Bay Rd, Sandringham VIC 3191, Australia	+61 478 793 344
Fix Your Crack - Premium Technology Repairs	http://www.fixyourcrack.com.au/	1/1a Banksia Dr, Byron Bay NSW 2481, Australia	+61 2 6685 7340
iGear	http://www.facebook.com/igear.alice	5/28 Railway Terrace, Alice Springs NT 0870, Australia	+61 8 8953 3663
Fone Doc - iPhone Repairs & iPad Repairs - Cronulla Mall	http://www.fonedoc.com.au/	60 Cronulla St, Cronulla NSW 2230, Australia	+61 2 9544 4811
E- Trade WA	http://www.etradewa.com.au/	11/51 Prindiville Dr, Wangara WA 6065, Australia	+61 434 641 897
E & E Electronics	https://www.sunnybankplaza.com.au/store/e-e-electronics/?location=_x32_AA	Elizabeth House, 3/81 Elizabeth St, Brisbane City QLD 4000, Australia	+61 7 3003 1148
Mytouch Phone And Laptop Repairs Williams Landing Point Cook	http://mytouchmobile.com.au/	Shopping Centre, 100 Overton Rd, Williams Landing VIC 3027, Australia	+61 3 8560 2622
SmartLab Darwin	http://www.smartlab.com.au/	Shop 10/48 Cavenagh St, Darwin City NT 0800, Australia	+61 8 8941 3058
Second Hand Phones	http://www.secondhandphones.com.au/	1099-1169 Pascoe Vale Rd, Broadmeadows VIC 3047, Australia	+61 3 9309 7924
Apple iPhone Repair Canberra	http://www.appleiphonerepaircanberra.com.au/	208 Kerrigan St, Dunlop ACT 2615, Australia	+61 2 6188 5444
Iphoneman	http://iphoneman.com.au/	17 Katharina St, Noosa Heads QLD 4567, Australia	+61 434 879 861
iCure	http://www.icure.com.au/	2/167-169 Parramatta Rd, Granville NSW 2142, Australia	+61 1300 429 538
E-clinic (Iphone Repair ipad Repair samsung Repair macbook Repair laptop Repair Shop)	http://e-clinicenterprises.com.au/	695 Marion Rd, Ascot Park SA 5043, Australia	+61 8 7230 9662
iFix Mildura iPhone Repair	http://www.ifixmildura.com.au/	7/840 Fifteenth St, Mildura VIC 3500, Australia	+61 427 507 888
iPhone Repairs Airlie Beach	http://www.iphonerepairsairliebeach.com/	Reef Plaza, Shop 2/16 Paluma Rd, Cannonvale QLD 4802, Australia	+61 488 024 595
Alfalah Mobiles	https://www.alfalahmobiles.com.au/?utm_source=GMBlisting&utm_medium=organic	283 The Boulevarde, Punchbowl NSW 2196, Australia	+61 2 9758 9712
Personal Digital	http://www.personaldigital.com.au/	13/36 O'Riordan St, Alexandria NSW 2015, Australia	+61 2 9191 9439
EB Mobile & Repair - Glen Waverley	http://www.ebmobile.com.au/	165A Coleman Parade, Glen Waverley VIC 3150, Australia	+61 3 9560 9917
Xtreme Communications	http://xtremeonline.com.au/	2 Bunker Rd, Victoria Point QLD 4165, Australia	+61 7 3207 7544
Campus Computers	http://campuscomputers.net/	Shop 3, The Link/University Drive Southport QLD Australia, 4215, Australia	+61 406 328 583
Parts Depo	http://www.partsdepo.com.au/	148 Ipswich Rd, Woolloongabba QLD 4102, Australia	+61 7 4942 6610
iMobile Store	https://imobilestore.com.au/	shop 12/105 Cochranes Rd, Moorabbin VIC 3189, Australia	+61 3 9532 1235
Skilled IT	http://www.skilled-it.com.au/	140/146 Gladstone Rd, Allenstown QLD 4700, Australia	+61 7 4816 9216
Beyond The Box	https://www.beyondthebox.com.au/	54 Napier St, Essendon VIC 3040, Australia	+61 3 9372 8899
Apple Hornsby	https://www.apple.com/au/retail/hornsby?cid=aos-au-seo-maps	Westfield, Hornsby NSW 2077, Australia	+61 2 8401 8800
Gadgets 4 Geeks Australia	http://www.gadgets4geeks.com.au/	25b/33-37 College St, Gladesville NSW 2111, Australia	+61 2 8033 5570
Samsung Customer Service Plaza - Samsung TV, Washer & Fridge Repair Centre	http://lp.cspmelb.com.au/samsung-repair/	23 Cleeland Rd, Oakleigh South VIC 3167, Australia	+61 1300 839 853
MacMedic - Mosman	http://www.macmedic.com.au/	5/50 Spit Rd, Mosman NSW 2088, Australia	+61 2 8962 5757
Mobile Phone Doctor	http://mobilephonedoctor.com.au/	Pacific Hwy, Loganholme QLD 4129, Australia	+61 7 3806 0080
Luv Your Phone	http://luvyourphone.com.au/	480 King Georges Rd, Beverly Hills NSW 2209, Australia	+61 2 9099 4444
Apple Sydney	https://www.apple.com/au/retail/sydney?cid=aos-au-seo-maps	367 George St, Sydney NSW 2000, Australia	+61 2 8083 9400
Apple Carindale	https://www.apple.com/au/retail/carindale?cid=aos-au-seo-maps	1151 Creek Rd, Carindale QLD 4152, Australia	+61 7 3199 2200
PhoneTech Services	https://www.phonetechservices.com.au/	577A Lower North East Rd, Campbelltown SA 5074, Australia	+61 8 8365 7722
Apple Highpoint	https://www.apple.com/au/retail/highpoint?cid=aos-au-seo-maps	120-200 Rosamond Rd, Maribyrnong VIC 3032, Australia	+61 3 9975 9700
King IT	http://www.kingit.com.au/	Sunshine Plaza, Shop 262, 154-164 Horton Parade, Maroochydore QLD 4558, Australia	+61 7 5373 5140
A-Phones	http://www.facebook.com/a-phones-Bunbury-Phone-Repairs-1572410832978657	Sandridge Rd, East Bunbury WA 6230, Australia	+61 488 846 688
Apple Highpoint	https://www.apple.com/au/retail/highpoint?cid=aos-au-seo-maps	120-200 Rosamond Rd, Maribyrnong VIC 3032, Australia	+61 3 9975 9700
King IT	http://www.kingit.com.au/	Sunshine Plaza, Shop 262, 154-164 Horton Parade, Maroochydore QLD 4558, Australia	+61 7 5373 5140
JB Hi-Fi Casuarina	https://www.jbhifi.com.au/Stores/Store-Finder/Store-List/NT/Casuarina/?utm_source=localmaps&utm_medium=organic&utm_campaign=casuarina	Store Gdm3/247 Trower Rd, Casuarina NT 0810, Australia	+61 8 8995 7200
Samsung Sydney	http://www.samsung.com/au/	450 George St, Sydney NSW 2000, Australia	+61 1300 425 299
iGeektek	http://www.igeektek.com.au/	10 Ironstone Rd, Berrinba QLD 4117, Australia	+61 1300 894 658
Happytel Carousel 2	http://au.happytel.com/	K127 (near Valleygirl) Westfield Carousel, 1382 Albany Highway, Cannington WA 6107, Australia	+61 8 9258 5656
Samsung	http://www.samsung.com/au/	211 La Trobe St, Melbourne VIC 3000, Australia	+61 1300 425 299
Samsung	http://www.samsung.com/au/	1382 Albany Hwy, Cannington WA 6107, Australia	+61 1300 425 299
Happytel Eastlands - Huawei collection point	http://au.happytel.com/	Shop G015 Eastlands Shopping Centre, 1 Bligh St, Rosny Park TAS 7018, Australia	+61 3 6245 1849
Crazy Parts	https://www.crazyparts.com.au/	19 Euston St, Rydalmere NSW 2116, Australia	+61 1300 271 188
JB Hi-Fi Claremont Quarter	https://www.jbhifi.com.au/Stores/Store-Finder/Store-List/WA/Claremont-Quarter/?utm_source=localmaps&utm_medium=organic&utm_campaign=claremont	MM3/9 Bay View Terrace, Claremont WA 6010, Australia	+61 8 9286 9400
JB Hi-Fi City - Strand Arcade Pitt St Mall	https://www.jbhifi.com.au/Stores/Store-Finder/Store-List/NSW/City---Strand-Arcade-Pitt-St-Mall/?utm_source=localmaps&utm_medium=organic&utm_campaign=syd-pitt-st	412-414 George St, Sydney NSW 2000, Australia	+61 2 9928 7200
JB Hi-Fi City - Adelaide	https://www.jbhifi.com.au/Stores/Store-Finder/Store-List/SA/City---Adelaide/?utm_source=localmaps&utm_medium=organic&utm_campaign=adelaide	50 Rundle Mall, Adelaide SA 5000, Australia	+61 8 8225 4100
JB Hi-Fi Port Macquarie	https://www.jbhifi.com.au/Stores/Store-Finder/Store-List/NSW/Port-Macquarie/?utm_source=localmaps&utm_medium=organic&utm_campaign=port-macquarie	Corner Short &, Hayward St, Port Macquarie NSW 2444, Australia	+61 2 5525 2600
JB Hi-Fi Cragieburn	https://www.jbhifi.com.au/Stores/Store-Finder/Store-List/VIC/Craigieburn/?utm_source=localmaps&utm_medium=organic&utm_campaign=craigieburn	Craigieburn Central Shopping Centre, Store E00-02/330 Craigieburn Rd, Craigieburn VIC 3064, Australia	+61 3 8358 7100
Apple Brisbane	https://www.apple.com/au/retail/brisbane?cid=aos-au-seo-maps	Macarthur Chambers, Queen St, Brisbane City QLD 4000, Australia	+61 7 3182 9000
IT Park Australia (TA) IT Park Computer Care	http://www.itparkcomputercare.com.au/	14 S Station Rd, Booval QLD 4304, Australia	+61 401 898 300
JB Hi-Fi Rockingham City	https://www.jbhifi.com.au/Stores/Store-Finder/Store-List/WA/Rockingham-City/?utm_source=localmaps&utm_medium=organic&utm_campaign=rockingham	1 Council Avenue, Syren St, Rockingham WA 6168, Australia	+61 8 9599 2200
JB Hi-Fi Brisbane - Queen Adelaide Building	https://www.jbhifi.com.au/Stores/Store-Finder/Store-List/QLD/city--brisbane-queen-adelaide-building/	Queen Adelaide Building, Tennancy 1B & 1C, 88/112 Queen St, Brisbane City QLD 4000, Australia	+61 7 3037 6000
JB Hi-Fi Bendigo	https://www.jbhifi.com.au/Stores/Store-Finder/Store-List/VIC/Bendigo/?utm_source=localmaps&utm_medium=organic&utm_campaign=bendigo	339-355 Hargreaves St, Bendigo VIC 3550, Australia	+61 3 5446 5000
Apple Bondi	https://www.apple.com/au/retail/bondi?cid=aos-au-seo-maps	213 Oxford St, Bondi Junction NSW 2022, Australia	+61 2 9019 2400
Apple Doncaster	https://www.apple.com/au/retail/doncaster?cid=aos-au-seo-maps	619 Doncaster Rd, Doncaster VIC 3108, Australia	+61 3 9914 2800
Happytel	http://au.happytel.com/	4870 Captain Cook Hwy, Smithfield QLD 4878, Australia	+61 7 4038 3079
JB Hi-Fi Ipswich	https://www.jbhifi.com.au/Stores/Store-Finder/Store-List/QLD/Ipswich/?utm_source=localmaps&utm_medium=organic&utm_campaign=north-ipswich	RiverLink Shopping Centre, Store MM3 Pine Street &, The Terrace, North Ipswich QLD 4305, Australia	+61 7 3437 6200
Samsung Robina	http://www.samsung.com/au/	1/19 Robina Town Centre Dr, Robina QLD 4230, Australia	+61 1300 425 299
JB Hi-Fi West Lakes	https://www.jbhifi.com.au/Stores/Store-Finder/Store-List/SA/West-Lakes/?utm_source=localmaps&utm_medium=organic&utm_campaign=west-lakes	Westfield West Lakes Shopping Centre T173 175, 111 W Lakes Blvd, West Lakes SA 5021, Australia	+61 8 8358 7200
JB Hi-Fi Belmont HOME Superstore	https://www.jbhifi.com.au/Stores/Store-Finder/Store-List/WA/belmont-home/?utm_source=localmaps&utm_medium=organic&utm_campaign=belmont	Belmont Forum Shopping Centre, 132/227 Belmont Ave, Cloverdale WA 6105, Australia	+61 8 6278 7400
Hawk IT Services Pty Ltd	http://www.vodafone.com.au/	9/351 Oran Park Dr, Oran Park NSW 2570, Australia	+61 2 4602 6000
JB Hi-Fi Hornsby	https://www.jbhifi.com.au/Stores/Store-Finder/Store-List/NSW/Hornsby/?utm_source=localmaps&utm_medium=organic&utm_campaign=hornsby	Store 3014/3015/236 Pacific Hwy, Hornsby NSW 2077, Australia	+61 2 9480 2400
JB Hi-Fi Melrose Park HOME	https://www.jbhifi.com.au/Stores/Store-Finder/Store-List/SA/melrose-park-home/	Melrose Plaza 2, 1031-1037 South Rd, Melrose Park SA 5039, Australia	+61 8 8172 4700
JB Hi-Fi Mildura	https://www.jbhifi.com.au/Stores/Store-Finder/Store-List/VIC/Mildura/?utm_source=localmaps&utm_medium=organic&utm_campaign=mildura	Mildura Central Shopping Centre Store MM4, Corner 15th Street &, Deakin Ave, Mildura VIC 3500, Australia	+61 3 5055 4300
IT Man	http://itmanphoneaccessories.com/	Q Super Centre, C3a, Markeri St, Mermaid Waters QLD 4218, Australia	+61 415 299 882
JB Hi-Fi Cranbourne Park HOME	https://www.jbhifi.com.au/Stores/Store-Finder/Store-List/VIC/cranbourne-park-home/?utm_source=localmaps&utm_medium=organic&utm_campaign=cranbourne-park	Cranbourne Park Shopping Centre, Store MM0006, 123 High St, Cranbourne VIC 3977, Australia	+61 3 5990 4900
Bing Lee	http://www.binglee.com.au/stores/moore-park?utm_source=google&utm_medium=organic&utm_campaign=Google-places&utm_term=Moore-park	Moore Park SupaCenta Shop GF22, 2A Todman Ave, Kensington NSW 2033, Australia	+61 2 9781 3129
JB Hi-Fi Brisbane - Queen St, MacArthur Central	https://www.jbhifi.com.au/Stores/Store-Finder/Store-List/QLD/City--Brisbane-Queen-St-MacArthur-Central/?utm_source=localmaps&utm_medium=organic&utm_campaign=brisbane-queen-st	MacArthur Central Shopping Centre TL1- T1, Level 1/255 Queen St, Brisbane City QLD 4000, Australia	+61 7 3316 5400
Tech22	http://www.tech22.com.au/	Station Shopping Centre, Unit 3/35 Station Rd, Logan Central QLD 4114, Australia	+61 422 779 771
JB Hi-Fi Kotara Homemaker Centre	https://www.jbhifi.com.au/Stores/Store-Finder/Store-List/NSW/kotara-homemaker-centre/	Kotara Homemaker Centre D, Store 5-7, Building/30 Northcott Dr, Kotara NSW 2289, Australia	+61 2 4903 2800
JB Hi-Fi Robina HOME Superstore	https://www.jbhifi.com.au/Stores/Store-Finder/Store-List/QLD/robina-home/?utm_source=localmaps&utm_medium=organic&utm_campaign=robina	Robina Town Centre Store 4176, Level 3 Corner Robina Town Centre &, Laver Dr, Robina QLD 4230, Australia	+61 7 5514 9900
Smartphone Specialist	http://smartphonespecialist.com.au/?utm_source=google&utm_medium=organic&utm_campaign=Google%20My%20Business	14 Mitchell St, Bendigo VIC 3550, Australia	+61 3 5443 5475
JB Hi-Fi Woden - Westfield	https://www.jbhifi.com.au/Stores/Store-Finder/Store-List/ACT/Woden---Westfield/?utm_source=localmaps&utm_medium=organic&utm_campaign=woden	Store LG20B/222 Keltie St, Phillip ACT 2606, Australia	+61 2 6132 4700
Techrevive	http://www.techrevive.com.au/	78A Garden St, Geelong VIC 3220, Australia	+61 3 5273 0261
Vodafone Fairfield	http://www.vodafone.com.au/	128C Ware St, Fairfield NSW 2165, Australia	+61 2 9724 9709
MSY Technology	http://msy.com.au/	15 Randall St, Slacks Creek QLD 4127, Australia	+61 7 3808 7357
Pimp My Gadget DFO Jindalee (Re opening March 2020)	http://pimpmygadget.com.au/	16 Amazons Pl, Jindalee QLD 4074, Australia	+61 1300 790 430
JB Hi-Fi Osborne Park HOME	https://www.jbhifi.com.au/Stores/Store-Finder/Store-List/WA/osborne-park-home/?utm_source=localmaps&utm_medium=organic&utm_campaign=osborne-park	501 Scarborough Beach Rd, Osborne Park WA 6017, Australia	+61 8 9244 5300
Second Hand Phones Brunswick	https://www.secondhandphones.com.au/	109 Sydney Rd, Brunswick VIC 3056, Australia	+61 1300 300 010
iPhone Repair Newcastle	http://www.iphone-repair-newcastle.com.au/	35 Wedgetail St, Fletcher NSW 2287, Australia	+61 425 215 391
Mo's Mobiles Canningvale	http://www.vodafone.com.au/	Shop 36/104 Ranford Rd, Canning Vale WA 6155, Australia	+61 8 9455 7555
JB Hi-Fi Melbourne Central	https://www.jbhifi.com.au/Stores/Store-Finder/Store-List/VIC/melbourne-central/	Melbourne Central Shop 101B, L01, 211 La Trobe St, Melbourne VIC 3000, Australia	+61 3 9906 3500
JB Hi-Fi Helensvale HOME Superstore	https://www.jbhifi.com.au/Stores/Store-Finder/Store-List/QLD/helensvale-home/?utm_source=localmaps&utm_medium=organic&utm_campaign=helensvale	Homeworld Helensvale 3 Hope Island Rd &, Siganto Dr, Helensvale QLD 4212, Australia	+61 7 5519 5600
JB Hi-Fi Liverpool	https://www.jbhifi.com.au/Stores/Store-Finder/Store-List/NSW/Liverpool/?utm_source=localmaps&utm_medium=organic&utm_campaign=liverpool	Store 1024 Macquarie St, Liverpool NSW 2170, Australia	+61 2 8785 3700
Mobileciti	https://www.mobileciti.com.au/	Shop 8/118 Church St, Parramatta NSW 2150, Australia	+61 2 9893 8886
DJI Australia Service Center Victoria	https://www.dji.com/support	46 Indian Dr, Keysborough VIC 3173, Australia	+61 1300 090 802
Techncian Training Australia	http://technician-training-online.com/	148 Ipswich Rd, Woolloongabba QLD 4102, Australia	+61 7 3999 8613
All Cases	https://www.westfield.com.au/plentyvalley/store/2fX6XgkBiYqQISg8KkOwc2/all-cases	SHOP 020A/415 McDonalds Rd, Mill Park VIC 3082, Australia	+61 449 041 882
Sony Store - Parramatta	http://www.sony.com.au/	Westfield Parramatta, Shop 2126, Level 2/159-175 Church St, Parramatta NSW 2150, Australia	+61 2 9887 6667
IT Repairs	https://itrepairs.net.au/	40 Mosedale Retreat, Atwell WA 6164, Australia	+61 433 522 309
iFixIT Electronics	https://www.facebook.com/ypifixitelectronics/	11 Hallett St, Kadina SA 5554, Australia	+61 8 8821 2310
Digicam	http://www.digicam.com.au/	76 George St, Thebarton SA 5031, Australia	+61 8 7325 4444
BuzzTech Mount Gambier	https://buzztech.com.au/mountgambier/	182/248 Penola Rd, Mount Gambier SA 5290, Australia	+61 8 8725 5467
Centre Com Sunshine	http://www.centrecom.com.au/	124-130 Hampshire Rd, Sunshine VIC 3020, Australia	+61 3 8311 7600
Total IT	https://www.totalit.net.au/	3/126 Ferny Way, Ferny Hills QLD 4055, Australia	+61 7 3351 1138
Westcoast Wholesalers	https://wcwholesalers.com.au/	325 Albany Hwy, Victoria Park WA 6100, Australia	+61 1800 940 558
PLE Computers Wangara	https://www.ple.com.au/	1/46 Buckingham Dr, Wangara WA 6065, Australia	+61 8 6316 3881
MacMedic - Newport	http://www.macmedic.com.au/	Level 2/341 Barrenjoey Rd, Newport NSW 2106, Australia	+61 2 8962 5763
WORLDWIDEPC AUSTRALIA PTY LTD	http://www.worldwidepc.com.au/	130B Brisbane Rd, Booval QLD 4304, Australia	+61 7 3812 8288
Sony - Chatswood	http://www.sony.com.au/	Westfield Chatswood, Kiosk K304/1 Anderson St, Chatswood NSW 2067, Australia	+61 2 9887 6668
Above Electronics	http://www.above.net.au/	4/23 Action Rd, Malaga WA 6090, Australia	+61 8 9209 2283
OPPO Service Centre Macquarie Park	https://support.oppo.com/au/	Suite 8.04, Level 8/15 Talavera Rd, Macquarie Park NSW 2113, Australia	+61 1300 006 776
AutoSparky	http://www.autosparky.com/	9 Dalgety Rd, Braitling NT 0870, Australia	+61 8 8953 0800
Think Technology Australia	https://www.thinktechnology.com.au/	151 Comur St, Yass NSW 2582, Australia	+61 2 6226 5555
Sony Australia Limited	http://www.sony.com.au/	25 Donkin St, West End QLD 4101, Australia	+61 1300 137 669
OZ IT Solutions - Australia's Leading Mobile App, Website and Software Development Company	http://www.ozitsolutions.com.au/	308/81-85 Flushcombe Rd, Blacktown NSW 2148, Australia	+61 1300 983 287
Ausiphone Repairs	http://www.ausiphones.com.au/	16 Farley St, Glenorchy TAS 7010, Australia	+61 3 6274 1134
Euro-Aus Automotive & Performance	https://euro-aus.com.au/	3/128 Steel St, Capalaba QLD 4157, Australia	+61 7 3823 2882
Retravision Bunbury	https://www.retravision.com.au/stores/bunbury-retravision	59 Forrest Avenue, cnr Blair St, Bunbury WA 6230, Australia	+61 8 9722 4100
Laptop Plus	http://www.laptopplus.com.au/	308A Pulteney St, Adelaide SA 5000, Australia	+61 8 8432 0050
Asset Air Con Pty Ltd - Gold Coast Commercial Air Conditioning	http://www.assetaircon.com.au/	2/20 Indy Ct, Carrara QLD 4211, Australia	+61 7 5596 1033
Jack Frost Mobile Car Air Conditioning	https://myjackfrost.com.au/	4/429 Creek Rd, Mount Gravatt East QLD 4122, Australia	+61 7 3180 3500
CTDI Australia Pty Ltd	http://ctdi.com.au/	4/20-22 St Albans Rd, Kingsgrove NSW 2208, Australia	+61 2 9150 4243
OPPO Service Centre Melbourne	https://support.oppo.com/au/	T2&T3 Level 11, South Tower, 459 Collins St, Melbourne VIC 3000, Australia	+61 1300 006 776
Alice Auto Repairs	https://www.localsearch.com.au/profile/alice-auto-repairs-pty-ltd/alice-springs-nt/3vln	36 Smith St, Alice Springs NT 0870, Australia	+61 8 8952 1043
Wholesale Car Parts Australia	http://www.wholesalecarparts.com.au/	80 Grindle Rd, Rocklea QLD 4106, Australia	+61 7 3733 1980
Supercheap Auto Alice Springs	https://www.supercheapauto.com.au/stores/details?sid=sca-alice-springs&utm_source=google&utm_medium=organic&utm_campaign=alicesprings	Lot 9138 Stuart Hwy, Alice Springs NT 0870, Australia	+61 8 8952 7455
Lenovo	http://www.lenovo.com/au	Level 4/12 Help St, Chatswood NSW 2067, Australia	+61 1300 557 073
Sony Australia Head Office	http://www.sony.com.au/	Level 3/165 Walker St, North Sydney NSW 2060, Australia	+61 2 9887 6666
Rapidbike Australia	http://www.rapidbike.com.au/	1/48 Kremzow Rd, Brendale QLD 4500, Australia	+61 7 3881 3999
Costco Wholesale	https://www.costco.com.au/	17-39 Cook Ct, North Lakes QLD 4509, Australia	+61 7 3482 8600
Fulcrum Suspensions Springwood	https://fulcrumsuspensions.com.au/	3335 Pacific Hwy, Slacks Creek QLD 4127, Australia	+61 7 3808 3266
LG Electronics	http://www.lg.com/au	2 Wonderland Dr, Eastern Creek NSW 2766, Australia	+61 2 8805 4000
Mr Telco	https://mrtelco.com/	Level 2/109 Upton St, Bundall QLD 4217, Australia	+61 1300 447 715
SnI Mobile Clinic Pty Ltd	http://www.snimobile.com.au/	11 The Boulevarde, Shop 14, Ground Floor, Strathfield NSW 2135, Australia	+61 410 050 582
MedLab Instruments Pty Ltd	https://www.medlabinstruments.com/	3/9 Mill Rd, Campbelltown NSW 2560, Australia	+61 402 457 565
LG Electronics	http://www.lg.com/au	2 Wonderland Dr, Eastern Creek NSW 2766, Australia	+61 2 8805 4000
HomeCare Repair Australia	http://www.homecarerepairaustralia.com.au/	1/398 The Boulevarde, Kirrawee NSW 2232, Australia	+61 1800 155 166
Nikon Australia	http://www.nikon.com.au/	level 5/5 Rider Blvd, Rhodes NSW 2138, Australia	+61 1300 401 200
Mo's Mobiles Shell Harbour	http://www.vodafone.com.au/	Lake Entrance Rd, Shop 52B, Shell Harbour City Centre, Oak Flats NSW 2529, Australia	+61 2 4260 8713
Wholesale Car Parts Australia	http://www.wholesalecarparts.com.au/	80 Grindle Rd, Rocklea QLD 4106, Australia	+61 7 3733 1980
Supercheap Auto Alice Springs	https://www.supercheapauto.com.au/stores/details?sid=sca-alice-springs&utm_source=google&utm_medium=organic&utm_campaign=alicesprings	Lot 9138 Stuart Hwy, Alice Springs NT 0870, Australia	+61 8 8952 7455
Sony Australia Head Office	http://www.sony.com.au/	Level 3/165 Walker St, North Sydney NSW 2060, Australia	+61 2 9887 6666
Rapidbike Australia	http://www.rapidbike.com.au/	1/48 Kremzow Rd, Brendale QLD 4500, Australia	+61 7 3881 3999
Costco Wholesale	https://www.costco.com.au/	17-39 Cook Ct, North Lakes QLD 4509, Australia	+61 7 3482 8600
Fulcrum Suspensions Springwood	https://fulcrumsuspensions.com.au/	3335 Pacific Hwy, Slacks Creek QLD 4127, Australia	+61 7 3808 3266
LG Electronics	http://www.lg.com/au	2 Wonderland Dr, Eastern Creek NSW 2766, Australia	+61 2 8805 4000
HomeCare Repair Australia	http://www.homecarerepairaustralia.com.au/	1/398 The Boulevarde, Kirrawee NSW 2232, Australia	+61 1800 155 166
Rapidbike Australia	http://www.rapidbike.com.au/	1/48 Kremzow Rd, Brendale QLD 4500, Australia	+61 7 3881 3999
Costco Wholesale	https://www.costco.com.au/	17-39 Cook Ct, North Lakes QLD 4509, Australia	+61 7 3482 8600
Fulcrum Suspensions Springwood	https://fulcrumsuspensions.com.au/	3335 Pacific Hwy, Slacks Creek QLD 4127, Australia	+61 7 3808 3266
LG Electronics	http://www.lg.com/au	2 Wonderland Dr, Eastern Creek NSW 2766, Australia	+61 2 8805 4000
HomeCare Repair Australia	http://www.homecarerepairaustralia.com.au/	1/398 The Boulevarde, Kirrawee NSW 2232, Australia	+61 1800 155 166
